{
    "0": {
        "timestamp": 1682808358.9880857,
        "total_time": 1.8604063987731934,
        "rtt": 0.40766024589538574,
        "latency": 0.226768,
        "ttfb": 0.529441,
        "throughput": 1459.2284400413794,
        "circ_id": "3",
        "circuit": [
            "A0E3BE25F816068DE049C2D47E20942914744E90",
            "C8C4DBB84AB4B2261EC3540C931DB28652DAD219",
            "5788CEC0A7C5EE251FC72C55730A6B1FCAEA1D93"
        ]
    },
    "1": {
        "timestamp": 1682808363.8537812,
        "total_time": 1.9916532039642334,
        "rtt": 0.4102668762207031,
        "latency": 0.202659,
        "ttfb": 0.508522,
        "throughput": 1519.720984732014,
        "circ_id": "5",
        "circuit": [
            "D6A75E0C04756CEAA20C5B1ED90F718AD6D06495",
            "721A251658BA2240EED110C078334AB2DF6C309C",
            "5788CEC0A7C5EE251FC72C55730A6B1FCAEA1D93"
        ]
    },
    "2": {
        "timestamp": 1682808368.8540406,
        "total_time": 1.7281990051269531,
        "rtt": 0.304610013961792,
        "latency": 0.304314,
        "ttfb": 0.534779,
        "throughput": 1445.2082838665772,
        "circ_id": "7",
        "circuit": [
            "7B79D92EADC54360FF42857C41263E4B96B8E565",
            "6D100EE20A83025E4005C655973FF59DF20D9218",
            "A0D2171CFAEC780B2930E059E03505D799292791"
        ]
    },
    "3": {
        "timestamp": 1682808373.5878828,
        "total_time": 1.2694180011749268,
        "rtt": 0.16291379928588867,
        "latency": 0.241925,
        "ttfb": 0.549104,
        "throughput": 1407.6043411756136,
        "circ_id": "9",
        "circuit": [
            "8F6A78B1EA917F2BF221E87D14361C050A70CCC3",
            "FAD8CB4C7CFBF38E37E26164C47B13624417B3D7",
            "84FA05E6A80EBE36BD84A51705C467FA98188D4A"
        ]
    },
    "4": {
        "timestamp": 1682808377.8627613,
        "total_time": 1.5281832218170166,
        "rtt": 0.3052375316619873,
        "latency": 0.201891,
        "ttfb": 0.33335,
        "throughput": 2318.070453748047,
        "circ_id": "11",
        "circuit": [
            "FE9B84DD22DB3241B1B725A6A87EA84DDC9B548D",
            "4E8FCF9D0C137BE95052B1A98DD317F5F9DB74A9",
            "D04317BF5C7694CE5914E17CBECFAAC88348579D"
        ]
    },
    "5": {
        "timestamp": 1682808382.3998046,
        "total_time": 1.3656227588653564,
        "rtt": 0.19819998741149902,
        "latency": 0.203797,
        "ttfb": 0.306283,
        "throughput": 2522.738917735214,
        "circ_id": "13",
        "circuit": [
            "02351FC88D0BF06F6CDE5452656641E6119DBD7E",
            "FAD8CB4C7CFBF38E37E26164C47B13624417B3D7",
            "60FE782DF923698546023C6F14FEC0884624F35C"
        ]
    },
    "6": {
        "timestamp": 1682808386.772021,
        "total_time": 1.9082722663879395,
        "rtt": 0.19864487648010254,
        "latency": 0.305947,
        "ttfb": 0.510732,
        "throughput": 1513.2502383418066,
        "circ_id": "15",
        "circuit": [
            "7265075D62051D8125661309062B92AE136BB216",
            "D62D4ACD66B9FB91AC2EAA7CF29E654A8AEC1C36",
            "4C6FDAF59FFF2E62BA3C8709ED82008045027D95"
        ]
    },
    "7": {
        "timestamp": 1682808391.6857276,
        "total_time": 2.214109420776367,
        "rtt": 0.41387414932250977,
        "latency": 0.299342,
        "ttfb": 0.499819,
        "throughput": 1546.417532733838,
        "circ_id": "17",
        "circuit": [
            "0B888583EDB73862F444F2224F5C411DA4F7E9FE",
            "CEDF6F8F5E3F09D4E06D5A68F58D8B7E3ABE4C07",
            "32F0A019C71C26876ECAE355DD8415A355A86920"
        ]
    },
    "8": {
        "timestamp": 1682808396.9047914,
        "total_time": 1.811436653137207,
        "rtt": 0.30297303199768066,
        "latency": 0.202904,
        "ttfb": 0.407217,
        "throughput": 1897.887280717907,
        "circ_id": "19",
        "circuit": [
            "AE5BFD2CFA3FEF7B91067BE1FCB20B62CD3B6BE2",
            "088A6237EED87EDEB0E1E3AD0A4A419F963F0787",
            "26CA344A0DA0C93343869BF6A17C852D1D3A0C9B"
        ]
    },
    "9": {
        "timestamp": 1682808401.721573,
        "total_time": 1.7081298828125,
        "rtt": 0.3038787841796875,
        "latency": 0.196548,
        "ttfb": 0.408027,
        "throughput": 1894.2782015874689,
        "circ_id": "21",
        "circuit": [
            "D442A6A5F0EC4B3CC723FFF392BC76604805F3EE",
            "2848309FCE708D38DFEDB8BF34D2DE5433E24C43",
            "61C03827FD9914CDCB2EA809A824A435AEA0189A"
        ]
    },
    "10": {
        "timestamp": 1682808406.4357016,
        "total_time": 1.5971128940582275,
        "rtt": 0.15620207786560059,
        "latency": 0.20597,
        "ttfb": 0.508849,
        "throughput": 1518.9176974543882,
        "circ_id": "23",
        "circuit": [
            "920FF090D8A853946E407241916F6CAE890BF625",
            "873C5AC9DCFBA2C852EB1EF4DB08EAAB472DB31B",
            "106E3C8FCEF8F5774B9E97732A37DACE99503636"
        ]
    },
    "11": {
        "timestamp": 1682808411.0381322,
        "total_time": 2.311702013015747,
        "rtt": 0.30109691619873047,
        "latency": 0.204896,
        "ttfb": 0.498182,
        "throughput": 1551.3241444637997,
        "circ_id": "25",
        "circuit": [
            "6B0D4904A57D5A5B0F2EDFB6D3B04153F17D189E",
            "75A931404453030821C547A4FAA9094A06C48C7A",
            "9F2CF2A8221FDE4BE29A677EA5AB27F2EA2EA24B"
        ]
    },
    "12": {
        "timestamp": 1682808416.3566844,
        "total_time": 1.814434289932251,
        "rtt": 0.20119833946228027,
        "latency": 0.199692,
        "ttfb": 0.506855,
        "throughput": 1524.8984551772571,
        "circ_id": "27",
        "circuit": [
            "FA751944A6DADBB99496E5E06A8EA1C14D5A5C2D",
            "A25665E7699B73FC50F02C8EEBE0B9B5E3542524",
            "106E3C8FCEF8F5774B9E97732A37DACE99503636"
        ]
    },
    "13": {
        "timestamp": 1682808421.1780326,
        "total_time": 2.0374581813812256,
        "rtt": 0.30321598052978516,
        "latency": 0.205631,
        "ttfb": 0.437234,
        "throughput": 1767.6369232598609,
        "circ_id": "29",
        "circuit": [
            "22223F6CE010578269AEA833EC9686475C329214",
            "DD0219BD5B3015287C94BE1372534A7FDCAD9F32",
            "4A531AA712A3DF0A90EB42711EEBE90B6918B37A"
        ]
    },
    "14": {
        "timestamp": 1682808426.21984,
        "total_time": 1.5769681930541992,
        "rtt": 0.2111530303955078,
        "latency": 0.190541,
        "ttfb": 0.39581,
        "throughput": 1952.5724447318432,
        "circ_id": "31",
        "circuit": [
            "6A84C1DB4C50934A57E13FC7F93EA5217BA0DAB6",
            "C64EB4553AA308D8FBC314D73B44178E4CB11C35",
            "4C6FDAF59FFF2E62BA3C8709ED82008045027D95"
        ]
    },
    "15": {
        "timestamp": 1682808430.8047175,
        "total_time": 2.111628770828247,
        "rtt": 0.30326223373413086,
        "latency": 0.303073,
        "ttfb": 0.507266,
        "throughput": 1523.6240570974667,
        "circ_id": "33",
        "circuit": [
            "DF6F7908E7FDEEE5DE6DD9C92F7C9DFB20B0CE2A",
            "26E0EF82FC7262B801CB6567307C7F0C2409F2BE",
            "23B49521BDC4588C7CCF3C38E552504118326B66"
        ]
    },
    "16": {
        "timestamp": 1682808435.923181,
        "total_time": 1.7038116455078125,
        "rtt": 0.4022495746612549,
        "latency": 0.212555,
        "ttfb": 0.614058,
        "throughput": 1258.609179868766,
        "circ_id": "35",
        "circuit": [
            "AEC8D545DDEDC0311FA7F9F9A885D674D1F1C2FF",
            "27D50F277EEBC477576AD46A1BA31BE1DA6E2439",
            "C7E37A4FF3196F375FD7BEF26823493C88855630"
        ]
    },
    "17": {
        "timestamp": 1682808440.6320913,
        "total_time": 1.9103422164916992,
        "rtt": 0.2798173427581787,
        "latency": 0.208331,
        "ttfb": 0.407943,
        "throughput": 1894.547477653898,
        "circ_id": "37",