{
    "0": {
        "timestamp": 1682814871.8616636,
        "total_time": 1.6593596935272217,
        "rtt": 0.29192495346069336,
        "latency": 0.301443,
        "ttfb": 0.635069,
        "throughput": 1217.0775024876875,
        "circ_id": "3",
        "circuit": [
            "0C36AE99B744E32088C9ED23D7A31F8D23AE1A58",
            "C0F05AF3B4347631F92200B2DB987B5B73AC71C9",
            "E62F9675186FC6D8648A3E4FF8AF9E45D58E8366"
        ]
    },
    "1": {
        "timestamp": 1682814876.526405,
        "total_time": 1.169480323791504,
        "rtt": 0.21464943885803223,
        "latency": 0.159349,
        "ttfb": 0.378077,
        "throughput": 2044.173180870982,
        "circ_id": "5",
        "circuit": [
            "FDA673176CE83EEB3DD24414A5AD7B411D9165BC",
            "BA76A31AF4CCA7273A4613A975C1C5E059FE301D",
            "114F6F2A3A6E8AB9AC2BD54B8C5A204C1CA5942B"
        ]
    },
    "2": {
        "timestamp": 1682814880.7017887,
        "total_time": 1.8040003776550293,
        "rtt": 0.30511474609375,
        "latency": 0.203639,
        "ttfb": 0.608835,
        "throughput": 1269.389806126571,
        "circ_id": "7",
        "circuit": [
            "7A319C431F38CB30A0BC0C49144369A611920725",
            "07816F5EF2E310139C2AF386E6E86BCFDCABFFAB",
            "1C7020213CEBC46299B77E42D498522B64C77E99"
        ]
    },
    "3": {
        "timestamp": 1682814885.5113342,
        "total_time": 1.5031764507293701,
        "rtt": 0.30495262145996094,
        "latency": 0.216806,
        "ttfb": 0.510508,
        "throughput": 1513.9526502984816,
        "circ_id": "9",
        "circuit": [
            "B4E3546B058FEB655A6D8698D97C1459A2DF8E77",
            "014BD09636373B78CC28BA70E36C7190E3DE236A",
            "1776D90032C846157BAA30247CE2DC74063D85D2"
        ]
    },
    "4": {
        "timestamp": 1682814890.0211115,
        "total_time": 1.4421796798706055,
        "rtt": 0.2020270824432373,
        "latency": 0.206596,
        "ttfb": 0.350984,
        "throughput": 2201.7146600586743,
        "circ_id": "11",
        "circuit": [
            "B25E02013A30693556480274240B8B392AB04179",
            "4B02D746D96A5F80666F4A3B265C66F789D47BDD",
            "1478757BB31BD11433041D24A4F754EF899DC379"
        ]
    },
    "5": {
        "timestamp": 1682814894.4693954,
        "total_time": 1.392887830734253,
        "rtt": 0.20236539840698242,
        "latency": 0.204593,
        "ttfb": 0.451122,
        "throughput": 1713.326935139604,
        "circ_id": "13",
        "circuit": [
            "3DF62F4EE0A90D59B126EBFA95AB8E79B00A73A3",
            "07816F5EF2E310139C2AF386E6E86BCFDCABFFAB",
            "119D595A81A67D6C1E4D66B747717FD95225F9F8"
        ]
    },
    "6": {
        "timestamp": 1682814898.8674297,
        "total_time": 1.2539176940917969,
        "rtt": 0.30265021324157715,
        "latency": 0.207203,
        "ttfb": 0.408576,
        "throughput": 1891.14075175903,
        "circ_id": "15",
        "circuit": [
            "24893333D304C74CCDD11D99090C0471DCFED589",
            "8E5B1326F580D02E539FDAABF99A3BDE1077252E",
            "100EBFC9FD7F57E818A0343E395BDF3C73CFBCC0"
        ]
    },
    "7": {
        "timestamp": 1682814903.1277456,
        "total_time": 1.499506950378418,
        "rtt": 0.15086054801940918,
        "latency": 0.183327,
        "ttfb": 0.549754,
        "throughput": 1405.9351196408954,
        "circ_id": "17",
        "circuit": [
            "9BD6765086E8F4B15D17F166F41911494ED78BDE",
            "14BA402FE00684C6DC6BF1BE314848B0982D4E56",
            "1B18F98534634EF4EB4B36523F052F4D829E0496"
        ]
    },
    "8": {
        "timestamp": 1682814907.633166,
        "total_time": 1.090458631515503,
        "rtt": 0.1992499828338623,
        "latency": 0.202938,
        "ttfb": 0.51217,
        "throughput": 1508.984607576157,
        "circ_id": "19",
        "circuit": [
            "FDA673176CE83EEB3DD24414A5AD7B411D9165BC",
            "AF9011B98279B7E9FB9EC6176F1E08C48ED09228",
            "1999EE591611DBCB349F0A4E6AA1CA61861C4F5A"
        ]
    },
    "9": {
        "timestamp": 1682814911.7284648,
        "total_time": 1.5014317035675049,
        "rtt": 0.20599031448364258,
        "latency": 0.197182,
        "ttfb": 0.507647,
        "throughput": 1522.5316964312092,
        "circ_id": "21",
        "circuit": [
            "F9975C17673E7B5C82B937E3BCFBE59EBAA4188E",
            "40B54CCB56D67432D169E693F0B258A0A97C5136",
            "26CA344A0DA0C93343869BF6A17C852D1D3A0C9B"
        ]
    },
    "10": {
        "timestamp": 1682814916.2363226,
        "total_time": 1.908249855041504,
        "rtt": 0.30490827560424805,
        "latency": 0.209611,
        "ttfb": 0.614736,
        "throughput": 1257.2376553249626,
        "circ_id": "23",
        "circuit": [
            "3F43D0584A2613C9DB631382FF486DC6B95EA1C8",
            "BA76A31AF4CCA7273A4613A975C1C5E059FE301D",
            "0EA36BA7380AFC4E628997289EB9E78E6984CAB7"
        ]
    },
    "11": {
        "timestamp": 1682814921.1514397,
        "total_time": 1.2123916149139404,
        "rtt": 0.1964094638824463,
        "latency": 0.20114,
        "ttfb": 0.429518,
        "throughput": 1799.3398540975136,
        "circ_id": "25",
        "circuit": [
            "1A81BEE054FE5C6225A0D58169D72924B26E2B59",
            "AA13113D196C8D182AA5B98BDD6A5D3D9443E4E5",
            "26D384E24BBD1506616446622BE13232A649450F"
        ]
    },
    "12": {
        "timestamp": 1682814925.3714206,
        "total_time": 1.2723591327667236,
        "rtt": 0.20417141914367676,
        "latency": 0.197706,
        "ttfb": 0.405055,
        "throughput": 1907.831735657943,
        "circ_id": "27",
        "circuit": [
            "5D575ADD108DDBBF17E78AD8CB267D6C1F338206",
            "8106D3D43FBD92D5D8EEBC3E5031B268FCDDC425",
            "094619488F15ED623142CB40D42914FBEE1E61D6"
        ]
    },
    "13": {
        "timestamp": 1682814929.6502662,
        "total_time": 1.39943528175354,
        "rtt": 0.1733076572418213,
        "latency": 0.229236,
        "ttfb": 0.641454,
        "throughput": 1204.8756156867635,
        "circ_id": "29",
        "circuit": [
            "BB2F9504B41CE4DF1BE3EA22A8A1853CA774BA36",
            "1F04F90765AA57437144A0351AF197341E47DDBB",
            "2F76402F04EE7AC80207A4B3B525B235673952AE"
        ]
    },
    "14": {
        "timestamp": 1682814934.0579846,
        "total_time": 1.3987491130828857,
        "rtt": 0.1993558406829834,
        "latency": 0.206266,
        "ttfb": 0.31426,
        "throughput": 2459.0659366878003,
        "circ_id": "31",
        "circuit": [
            "CF742C808981C6B34D17430FF3CB6424172A5A0A",
            "CA154F8252D8424F1F4EBF05965D3F33A98A71E3",
            "26D384E24BBD1506616446622BE13232A649450F"
        ]
    },
    "15": {
        "timestamp": 1682814938.4639628,
        "total_time": 1.4920215606689453,
        "rtt": 0.19021034240722656,
        "latency": 0.206084,
        "ttfb": 0.512776,
        "throughput": 1507.3191753228646,
        "circ_id": "33",
        "circuit": [
            "F50755D5018C23F6CD115F23C95CCB2DC8B608B1",
            "AF9011B98279B7E9FB9EC6176F1E08C48ED09228",
            "0614FAC2AE0D11863753F20661F6A105E0A89113"
        ]
    },
    "16": {
        "timestamp": 1682814942.961985,
        "total_time": 1.1932623386383057,
        "rtt": 0.20087409019470215,
        "latency": 0.200961,
        "ttfb": 0.405397,
        "throughput": 1906.4060669585056,
        "circ_id": "35",
        "circuit": [
            "E3F98C86C9E01138DD8EA06B1E660A0CDB4B2782",
            "CEDF6F8F5E3F09D4E06D5A68F58D8B7E3ABE4C07",
            "1776D90032C846157BAA30247CE2DC74063D85D2"
        ]
    },
    "17": {
        "timestamp": 1682814947.1619418,
        "total_time": 1.3250272274017334,
        "rtt": 0.20243549346923828,
        "latency": 0.199957,
        "ttfb": 0.538347,
        "throughput": 1435.714179581284,
        "circ_id": "37",