{
    "0": {
        "timestamp": 1682814187.8147883,
        "total_time": 1.1247029304504395,
        "rtt": 0.17909502983093262,
        "latency": 0.153331,
        "ttfb": 0.359084,
        "throughput": 2152.322029698146,
        "circ_id": "3",
        "circuit": [
            "93030C201E251DCA9B632142DD678B8E63EAC9B5",
            "74C429A1C0E3EDE03B3ADF61BEA83D5540232A65",
            "0BCC20C9EB435EC87E41B4C42552638C73102F0F"
        ]
    },
    "1": {
        "timestamp": 1682814191.9460373,
        "total_time": 1.3959219455718994,
        "rtt": 0.20329856872558594,
        "latency": 0.201132,
        "ttfb": 0.50838,
        "throughput": 1520.351667371444,
        "circ_id": "5",
        "circuit": [
            "0C36AE99B744E32088C9ED23D7A31F8D23AE1A58",
            "AF9011B98279B7E9FB9EC6176F1E08C48ED09228",
            "26CA344A0DA0C93343869BF6A17C852D1D3A0C9B"
        ]
    },
    "2": {
        "timestamp": 1682814196.3471613,
        "total_time": 1.1924729347229004,
        "rtt": 0.1635606288909912,
        "latency": 0.238599,
        "ttfb": 0.445135,
        "throughput": 1736.2748929708944,
        "circ_id": "7",
        "circuit": [
            "8F6A78B1EA917F2BF221E87D14361C050A70CCC3",
            "74C429A1C0E3EDE03B3ADF61BEA83D5540232A65",
            "1B78106D1E5653070DA6FAA0F95EC653932F49B4"
        ]
    },
    "3": {
        "timestamp": 1682814200.5455759,
        "total_time": 1.9103260040283203,
        "rtt": 0.20061779022216797,
        "latency": 0.304181,
        "ttfb": 0.71664,
        "throughput": 1078.477741921532,
        "circ_id": "9",
        "circuit": [
            "B4E3546B058FEB655A6D8698D97C1459A2DF8E77",
            "41E041EC676622FFEE59F56BC75B99CD0D47F653",
            "2C24A992DFACEE87920CA16F137CEC7C795EDC53"
        ]
    },
    "4": {
        "timestamp": 1682814269.3872538,
        "total_time": 1.5772051811218262,
        "rtt": 0.3033621311187744,
        "latency": 0.300097,
        "ttfb": 0.609582,
        "throughput": 1267.8366409709693,
        "circ_id": "13",
        "circuit": [
            "1A81BEE054FE5C6225A0D58169D72924B26E2B59",
            "BA76A31AF4CCA7273A4613A975C1C5E059FE301D",
            "0BF688666F34B897259180F1DFE541ACB6E7A7FA"
        ]
    },
    "5": {
        "timestamp": 1682814273.971952,
        "total_time": 1.2922215461730957,
        "rtt": 0.20102357864379883,
        "latency": 0.199141,
        "ttfb": 0.404135,
        "throughput": 1912.414862902368,
        "circ_id": "15",
        "circuit": [
            "DCAA176F75B04287131C6D78B7CFDDAC6F2691D9",
            "31EBFFD7BC38A74F1D6CA5B1779136E0A95DDEFC",
            "24B71781FA267278B620C3FAC5BCEDBA42276B1F"
        ]
    },
    "6": {
        "timestamp": 1682814278.2709448,
        "total_time": 1.2931630611419678,
        "rtt": 0.19958043098449707,
        "latency": 0.213297,
        "ttfb": 0.507563,
        "throughput": 1522.7896403025093,
        "circ_id": "17",
        "circuit": [
            "624B7391B9790E7CD2AF6A7238239BA3D6928A57",
            "B771269758DC649748360BA8A2D13337F548AA21",
            "100EBFC9FD7F57E818A0343E395BDF3C73CFBCC0"
        ]
    },
    "7": {
        "timestamp": 1682814282.570581,
        "total_time": 1.3978512287139893,
        "rtt": 0.19959712028503418,
        "latency": 0.202639,
        "ttfb": 0.51025,
        "throughput": 1514.6883621770755,
        "circ_id": "19",
        "circuit": [
            "B8602557B383C4D3CB3088859CA4465B65BA3ECD",
            "AA13113D196C8D182AA5B98BDD6A5D3D9443E4E5",
            "114F6F2A3A6E8AB9AC2BD54B8C5A204C1CA5942B"
        ]
    },
    "8": {
        "timestamp": 1682814286.976073,
        "total_time": 2.007272958755493,
        "rtt": 0.30233216285705566,
        "latency": 0.209123,
        "ttfb": 0.604589,
        "throughput": 1278.3113721754776,
        "circ_id": "21",
        "circuit": [
            "54DE63F4587058B79152A75A0238D7F7A0279215",
            "830AEEB2AAEED24C618A88902E155E9BC71A68B8",
            "105F800FD30E637883A64EA64BC556E82C248A51"
        ]
    },
    "9": {
        "timestamp": 1682814291.9919395,
        "total_time": 2.1136205196380615,
        "rtt": 0.3012504577636719,
        "latency": 0.201122,
        "ttfb": 0.405147,
        "throughput": 1907.6763613479598,
        "circ_id": "23",
        "circuit": [
            "32C1100B5EF19A5BFBB431E8D42781C2D09D31C3",
            "CA154F8252D8424F1F4EBF05965D3F33A98A71E3",
            "105F800FD30E637883A64EA64BC556E82C248A51"
        ]
    },
    "10": {
        "timestamp": 1682814297.1126876,
        "total_time": 1.298513412475586,
        "rtt": 0.19904828071594238,
        "latency": 0.199339,
        "ttfb": 0.40824,
        "throughput": 1893.1369499677946,
        "circ_id": "25",
        "circuit": [
            "9B24B2149631167704362E07356A9E9BFC1F0F05",
            "153D282FA1D5CE874CA34E2833DBF34C0C53F79B",
            "014326416058DCFD0965167026CBEF647409A000"
        ]
    },
    "11": {
        "timestamp": 1682814301.4188135,
        "total_time": 1.8011178970336914,
        "rtt": 0.246185302734375,
        "latency": 0.210536,
        "ttfb": 0.507694,
        "throughput": 1522.2048931108905,
        "circ_id": "27",
        "circuit": [
            "7B46F20449D6F25150E189428B62E1E3BA5848A9",
            "CEDB98E021C9AFE6CDC549A503A94BC43D02C883",
            "148D2B83BB7A601188BA3C6D5057D8F8A00C0E14"
        ]
    },
    "12": {
        "timestamp": 1682814306.2284365,
        "total_time": 1.5990853309631348,
        "rtt": 0.1498279571533203,
        "latency": 0.256309,
        "ttfb": 0.459776,
        "throughput": 1680.8915466159283,
        "circ_id": "29",
        "circuit": [
            "599F6D54BB5DC8DAF6F335699AF669B21FD1AF32",
            "DF95EAB235CDCAD4ED0607E58D9F27B690B1B6D2",
            "1B18F98534634EF4EB4B36523F052F4D829E0496"
        ]
    },
    "13": {
        "timestamp": 1682814310.8354096,
        "total_time": 1.5856785774230957,
        "rtt": 0.19983363151550293,
        "latency": 0.205103,
        "ttfb": 0.701944,
        "throughput": 1101.1160730183828,
        "circ_id": "31",
        "circuit": [
            "42E4CD0A4BA555A4069A0589121A44BF0A009C6E",
            "8E5B1326F580D02E539FDAABF99A3BDE1077252E",
            "014326416058DCFD0965167026CBEF647409A000"
        ]
    },
    "14": {
        "timestamp": 1682814315.427769,
        "total_time": 1.8211796283721924,
        "rtt": 0.3052098751068115,
        "latency": 0.201374,
        "ttfb": 0.508393,
        "throughput": 1520.1304205038653,
        "circ_id": "33",
        "circuit": [
            "00B57BF614F7ED3051073B5D4526FF0B23AF217B",
            "98EF3981F766F9F87D7C399E6DD0FFC3867711AF",
            "105F800FD30E637883A64EA64BC556E82C248A51"
        ]
    },
    "15": {
        "timestamp": 1682814320.255717,
        "total_time": 1.0869359970092773,
        "rtt": 0.16941523551940918,
        "latency": 0.202222,
        "ttfb": 0.406752,
        "throughput": 1899.8744067500843,
        "circ_id": "35",
        "circuit": [
            "B50A98267A63713F37319D895EA1151C4B27BE4D",
            "014BD09636373B78CC28BA70E36C7190E3DE236A",
            "0BA1C8F26AFAD3FAEF3B6A228F97382D115027B9"
        ]
    },
    "16": {
        "timestamp": 1682814324.3478687,
        "total_time": 1.4015288352966309,
        "rtt": 0.20005178451538086,
        "latency": 0.307722,
        "ttfb": 0.615307,
        "throughput": 1256.030326714124,
        "circ_id": "37",
        "circuit": [
            "3F43D0584A2613C9DB631382FF486DC6B95EA1C8",
            "014BD09636373B78CC28BA70E36C7190E3DE236A",
            "26CA344A0DA0C93343869BF6A17C852D1D3A0C9B"
        ]
    },
    "17": {
        "timestamp": 1682814328.7552764,
        "total_time": 1.191723346710205,
        "rtt": 0.2958967685699463,
        "latency": 0.201636,
        "ttfb": 0.304094,
        "throughput": 2540.9159788443267,