{
    "0": {
        "timestamp": 1682803120.449344,
        "total_time": 1.0252904891967773,
        "rtt": 0.1899549961090088,
        "latency": 0.166451,
        "ttfb": 0.331596,
        "throughput": 2330.3136728818413,
        "circ_id": "3",
        "circuit": [
            "2CE9BE1FC88B9D0FA03F387C9E4F000B5D4B2AE9",
            "785DBB3C711E8E7E75DC81982FB20DCB0B18F1C8",
            "D6D1B999588A3184BB6540A592939B14F3D3669D"
        ]
    },
    "1": {
        "timestamp": 1682803124.484454,
        "total_time": 0.8949785232543945,
        "rtt": 0.15715789794921875,
        "latency": 0.109353,
        "ttfb": 0.272891,
        "throughput": 2831.7715240279294,
        "circ_id": "5",
        "circuit": [
            "1F2FC2214D63A90926D0A6837896F84A16F4DB60",
            "DD4B18E94D09A3E8F60573210DAA8414ABC220CD",
            "1B18F98534634EF4EB4B36523F052F4D829E0496"
        ]
    },
    "2": {
        "timestamp": 1682803128.3876255,
        "total_time": 1.4597914218902588,
        "rtt": 0.3334527015686035,
        "latency": 0.517194,
        "ttfb": 0.679134,
        "throughput": 1137.9997703389854,
        "circ_id": "7",
        "circuit": [
            "57A295377F3167AD554B521F4615184943C39CE1",
            "7ECF7038EB883DD0F5E079255FA77F47560171AC",
            "8F13B91FA8380842993E7C36EEF88BEC5D695587"
        ]
    },
    "3": {
        "timestamp": 1682803132.8573112,
        "total_time": 0.6958897113800049,
        "rtt": 0.1009376049041748,
        "latency": 0.159864,
        "ttfb": 0.288802,
        "throughput": 2675.9441963512995,
        "circ_id": "9",
        "circuit": [
            "9FA8A16163FB6BDF228E45E329B0E5ACEDBD8309",
            "B6297E21BE60D730F894CCB4D850E4E75FBC78A0",
            "F5A684405DAF449CE4885315C77B5C85EFB88E72"
        ]
    },
    "4": {
        "timestamp": 1682803136.563672,
        "total_time": 1.0577123165130615,
        "rtt": 0.145308256149292,
        "latency": 0.16828,
        "ttfb": 0.413375,
        "throughput": 1869.5024414782856,
        "circ_id": "11",
        "circuit": [
            "DB6AC7DFB25C9CFC7036B53C78F91D8E3A9279CD",
            "DD4B18E94D09A3E8F60573210DAA8414ABC220CD",
            "97AEE1EEFBCBB6FF8FA482029830E8E10A961883"
        ]
    },
    "5": {
        "timestamp": 1682803140.6280036,
        "total_time": 0.9911062717437744,
        "rtt": 0.13764476776123047,
        "latency": 0.212948,
        "ttfb": 0.33825,
        "throughput": 2284.913658049222,
        "circ_id": "13",
        "circuit": [
            "7C650612FD2A2423141F276351D0EF302030AB6C",
            "0F2E1CB5403A576FBABF8362764A225E454BA799",
            "F7975FC1550ED849E07C55D0F0E0D205DD81C9E0"
        ]
    },
    "6": {
        "timestamp": 1682803144.6238658,
        "total_time": 1.126115322113037,
        "rtt": 0.10998272895812988,
        "latency": 0.176469,
        "ttfb": 0.414629,
        "throughput": 1863.8317777290185,
        "circ_id": "15",
        "circuit": [
            "A8FB73D917B7C2B851A358729359E13EBA5978FA",
            "22D36F505F9C170EBC2DE7E2AD1C2F226FA1E9A5",
            "6C25767B7654E265683DF6612C423C0FA1290DA7"
        ]
    },
    "7": {
        "timestamp": 1682803188.4849844,
        "total_time": 1.0505127906799316,
        "rtt": 0.11647415161132812,
        "latency": 0.138672,
        "ttfb": 0.508687,
        "throughput": 1519.3714951755533,
        "circ_id": "19",
        "circuit": [
            "42B4F52C5B11E4D39855F654955425B0D5A0598B",
            "0E9CF92A1840341AECB39D1F9700C1BAEA51C284",
            "A0E3D391B83CED2F264CD6D39525E37775EA1EEB"
        ]
    },
    "8": {
        "timestamp": 1682803192.543908,
        "total_time": 0.8492634296417236,
        "rtt": 0.1303424835205078,
        "latency": 0.130982,
        "ttfb": 0.350394,
        "throughput": 2205.754365139379,
        "circ_id": "21",
        "circuit": [
            "A22B1C2EF2255987F8AB8AA0B1A8E23F5023EEB8",
            "46D4F491955C0989D04277F23A305AED568DEFD2",
            "64455A8D18A789BBFD648D63B038686218D83149"
        ]
    },
    "9": {
        "timestamp": 1682803196.4030569,
        "total_time": 0.8555724620819092,
        "rtt": 0.13043832778930664,
        "latency": 0.141597,
        "ttfb": 0.292325,
        "throughput": 2643.783517565941,
        "circ_id": "23",
        "circuit": [
            "4B870E85AB451B871AB5A871161CD5710B732294",
            "7FA95F3EFAB36408CC49D852A7EE2CDDCB95B62B",
            "6B762F98D14093EC36FD5055897E49331E579D6D"
        ]
    },
    "10": {
        "timestamp": 1682803200.2636352,
        "total_time": 0.9849936962127686,
        "rtt": 0.18604135513305664,
        "latency": 0.169578,
        "ttfb": 0.351744,
        "throughput": 2197.258685283199,
        "circ_id": "25",
        "circuit": [
            "2A82DFF7BEB7B4269D4D6EAE39DEC36F98214268",
            "3B57C288354AF444C99B772974CE6F5DBBD101EF",
            "F5A684405DAF449CE4885315C77B5C85EFB88E72"
        ]
    },
    "11": {
        "timestamp": 1682803204.2568474,
        "total_time": 1.6653664112091064,
        "rtt": 0.11960864067077637,
        "latency": 0.158262,
        "ttfb": 0.317197,
        "throughput": 2436.656390470246,
        "circ_id": "27",
        "circuit": [
            "B4E3546B058FEB655A6D8698D97C1459A2DF8E77",
            "B458C855FE03EF15B02A48ACF2839B29D33E5677",
            "41F3DBD52544D065EA488175BBAD5993EFAE2757"
        ]
    },
    "12": {
        "timestamp": 1682803273.1016083,
        "total_time": 3.689114570617676,
        "rtt": 0.16037511825561523,
        "latency": 2.657345,
        "ttfb": 2.85445,
        "throughput": 270.8000161148781,
        "circ_id": "31",
        "circuit": [
            "8EBAFE8010DBD42146EB4865687D20941A685773",
            "2848309FCE708D38DFEDB8BF34D2DE5433E24C43",
            "7B0AE27C640C15263DE3882E6B73BF7DAD2C29D3"
        ]
    },
    "13": {
        "timestamp": 1682803279.8010793,
        "total_time": 0.9733438491821289,
        "rtt": 0.14579391479492188,
        "latency": 0.165672,
        "ttfb": 0.336135,
        "throughput": 2299.260845640179,
        "circ_id": "33",
        "circuit": [
            "B17565B56DA028F45ABEC5EAB31F01675B26241F",
            "B17D73C6AC1AA5D6A7EFAF538768BF354F2547AE",
            "F82E2221121EB77A2DE3E6941027265027EA2378"
        ]
    },
    "14": {
        "timestamp": 1682803292.4866579,
        "total_time": 1.1450364589691162,
        "rtt": 0.1892099380493164,
        "latency": 0.169303,
        "ttfb": 0.389255,
        "throughput": 1985.4112087121796,
        "circ_id": "37",
        "circuit": [
            "9A66718A54FBF5751A7416502BA4738CEFA4823E",
            "014BD09636373B78CC28BA70E36C7190E3DE236A",
            "C282248597D1C8522A2A7525E61C8B77BBC37614"
        ]
    },
    "15": {
        "timestamp": 1682803296.6415586,
        "total_time": 1.0448603630065918,
        "rtt": 0.1387310028076172,
        "latency": 0.144785,
        "ttfb": 0.254932,
        "throughput": 3030.9684198969553,
        "circ_id": "39",
        "circuit": [
            "288C100FFA656938C23F32207CAF0DA932ECD247",
            "07816F5EF2E310139C2AF386E6E86BCFDCABFFAB",
            "812DA820DA42A26E1D8798AFC554D4A5D8663E19"
        ]
    },
    "16": {
        "timestamp": 1682803300.6947122,
        "total_time": 1.5146737098693848,
        "rtt": 0.125807523727417,
        "latency": 0.149666,
        "ttfb": 0.585573,
        "throughput": 1319.916741086293,
        "circ_id": "41",
        "circuit": [
            "439CD12F87CEB496D2601B5DC1FF5186BD9AC2D1",
            "675CFAC38BE3C9A26C3A2DD7CBC0E616F68624CA",
            "20A1B55784057884DB8B6D90026864EDE14542F5"
        ]
    },
    "17": {
        "timestamp": 1682803305.2162755,
        "total_time": 1.2791094779968262,
        "rtt": 0.20125246047973633,
        "latency": 0.15588,
        "ttfb": 0.504974,
        "throughput": 1530.5839583712843,
        "circ_id": "43",