{
    "0": {
        "timestamp": 1682812712.119095,
        "total_time": 1.3186941146850586,
        "rtt": 0.2001345157623291,
        "latency": 0.201713,
        "ttfb": 0.40616,
        "throughput": 1902.8535418184683,
        "circ_id": "3",
        "circuit": [
            "1C5FFA33058D7A548AB6C88EEC4AB2F974B36065",
            "8921CB0ECEA669EEF8A2FD20537D58A676F47228",
            "AACD4E09E65BA18CAF35FBC855EF659505B36E9E"
        ]
    },
    "1": {
        "timestamp": 1682812716.443435,
        "total_time": 1.8074078559875488,
        "rtt": 0.30225658416748047,
        "latency": 0.306584,
        "ttfb": 0.614006,
        "throughput": 1258.818241627963,
        "circ_id": "5",
        "circuit": [
            "874D84382C892F3F61CC9E106BF08843DE0B865A",
            "153D282FA1D5CE874CA34E2833DBF34C0C53F79B",
            "411414008252B37A49FD161AF7CF617D0673269D"
        ]
    },
    "2": {
        "timestamp": 1682812721.2564702,
        "total_time": 1.4005813598632812,
        "rtt": 0.20310187339782715,
        "latency": 0.204493,
        "ttfb": 0.412522,
        "throughput": 1873.6169047267015,
        "circ_id": "7",
        "circuit": [
            "63BF46A63F9C21FD315CD061B3EAA3EB05283A0A",
            "E95619FE77B2B3C96638D4EF6629AC0EEBB2F1AE",
            "5CA693D218DDC998595A5A926307F24EEE2AE0EC"
        ]
    },
    "3": {
        "timestamp": 1682812725.662308,
        "total_time": 1.9074134826660156,
        "rtt": 0.20549511909484863,
        "latency": 0.508091,
        "ttfb": 0.712979,
        "throughput": 1084.0556865241922,
        "circ_id": "9",
        "circuit": [
            "6B96796FA984AAD378BBDF9636191330F4E9A322",
            "BA76A31AF4CCA7273A4613A975C1C5E059FE301D",
            "32B42A9B865F3B5522953DD1CBB3DADB7F53D5B0"
        ]
    },
    "4": {
        "timestamp": 1682812730.5781662,
        "total_time": 1.5009582042694092,
        "rtt": 0.20679950714111328,
        "latency": 0.296594,
        "ttfb": 0.505847,
        "throughput": 1527.93673195483,
        "circ_id": "11",
        "circuit": [
            "EE0E32C1EE02B1C03C6D43DAFA664EFD2C15E202",
            "CD6E8C548704F4CE544CD71365D46F110518FBED",
            "DA2395E76FDA1275050CCD7E8EAAA1E57AF70CDF"
        ]
    },
    "5": {
        "timestamp": 1682812735.0855126,
        "total_time": 1.7309091091156006,
        "rtt": 0.30442380905151367,
        "latency": 0.30189,
        "ttfb": 0.54092,
        "throughput": 1428.861901329045,
        "circ_id": "13",
        "circuit": [
            "90BCBF737079BB5047CB2AEAE49FBC1BA91B5EDB",
            "E0917901656ED5B363E4B5B1AFC56150B8857F5C",
            "D5C4D888D80F0D5BE98A672B5E10B78EA5D5D5F2"
        ]
    },
    "6": {
        "timestamp": 1682812739.8219268,
        "total_time": 1.3665523529052734,
        "rtt": 0.20177912712097168,
        "latency": 0.304107,
        "ttfb": 0.509017,
        "throughput": 1518.4045163203932,
        "circ_id": "15",
        "circuit": [
            "2A82DFF7BEB7B4269D4D6EAE39DEC36F98214268",
            "774A36D20AAA6E2A1265AB6E1FFC9B50C95872AB",
            "8F744605199E75C26F74E818BDE50D9A7325EC94"
        ]
    },
    "7": {
        "timestamp": 1682812744.1917005,
        "total_time": 1.202901840209961,
        "rtt": 0.19952654838562012,
        "latency": 0.204861,
        "ttfb": 0.315037,
        "throughput": 2453.1972491185306,
        "circ_id": "17",
        "circuit": [
            "3116830C560796674785D6E7900986698171E150",
            "C57A8B0C2DAE933916398359EC4DCC53D4FF329B",
            "6B5EBC78572E3B5DB19B139ACE1D7BFCA2EB786E"
        ]
    },
    "8": {
        "timestamp": 1682812748.4009175,
        "total_time": 1.3895466327667236,
        "rtt": 0.2837035655975342,
        "latency": 0.207227,
        "ttfb": 0.407566,
        "throughput": 1896.2856841470027,
        "circ_id": "19",
        "circuit": [
            "5D575ADD108DDBBF17E78AD8CB267D6C1F338206",
            "F22A238894E85D2D25036553A4601961EBFC2F03",
            "77FEF21B56B9FC953B3E8726B5FB8513729CAB09"
        ]
    },
    "9": {
        "timestamp": 1682812752.7958825,
        "total_time": 1.8075189590454102,
        "rtt": 0.2763800621032715,
        "latency": 0.202957,
        "ttfb": 0.503928,
        "throughput": 1533.6540846188186,
        "circ_id": "21",
        "circuit": [
            "7A319C431F38CB30A0BC0C49144369A611920725",
            "41E041EC676622FFEE59F56BC75B99CD0D47F653",
            "E62F9675186FC6D8648A3E4FF8AF9E45D58E8366"
        ]
    },
    "10": {
        "timestamp": 1682812757.6088367,
        "total_time": 1.6026246547698975,
        "rtt": 0.3057374954223633,
        "latency": 0.216001,
        "ttfb": 0.403979,
        "throughput": 1913.0964195645663,
        "circ_id": "23",
        "circuit": [
            "6D5CAE5B8C697B95D8E9F4FEA2567FDEDC9980B7",
            "0F2E1CB5403A576FBABF8362764A225E454BA799",
            "596EA54DA569A3A911E289B6FB5306F947DDBD08"
        ]
    },
    "11": {
        "timestamp": 1682812781.467373,
        "total_time": 1.3970122337341309,
        "rtt": 0.29140686988830566,
        "latency": 0.203513,
        "ttfb": 0.61189,
        "throughput": 1263.179224378542,
        "circ_id": "27",
        "circuit": [
            "EE0E32C1EE02B1C03C6D43DAFA664EFD2C15E202",
            "8921CB0ECEA669EEF8A2FD20537D58A676F47228",
            "B825430B0AC6DD79D952423FA036A1238C11D4A6"
        ]
    },
    "12": {
        "timestamp": 1682812785.8703678,
        "total_time": 1.7058606147766113,
        "rtt": 0.5074496269226074,
        "latency": 0.204061,
        "ttfb": 0.509515,
        "throughput": 1516.765854912418,
        "circ_id": "29",
        "circuit": [
            "CB1EC403A7331FE26F218D178DF8908014CC4F65",
            "05C46D155495916A210213006B64CC99FB903CD5",
            "18F81FA0CF19C9103FB11BF626A980CB9CD4AFEF"
        ]
    },
    "13": {
        "timestamp": 1682812790.5838568,
        "total_time": 1.4030256271362305,
        "rtt": 0.16051506996154785,
        "latency": 0.139398,
        "ttfb": 0.406978,
        "throughput": 1899.0156073042085,
        "circ_id": "31",
        "circuit": [
            "9B5B3B5BC953E8BE5058072310FDD0F631FD868E",
            "A6E4B97CA238DE7E8998D410FB6D2DED07B53509",
            "85FF20C8DCDDFE445910B93C74AB06044E305073"
        ]
    },
    "14": {
        "timestamp": 1682812794.9935708,
        "total_time": 1.4911186695098877,
        "rtt": 0.30469441413879395,
        "latency": 0.305482,
        "ttfb": 0.612452,
        "throughput": 1262.0325744811462,
        "circ_id": "33",
        "circuit": [
            "3F43D0584A2613C9DB631382FF486DC6B95EA1C8",
            "E0917901656ED5B363E4B5B1AFC56150B8857F5C",
            "F08ED6AC7FB6E84DA41B80A6E71C7900E1C7C37F"
        ]
    },
    "15": {
        "timestamp": 1682812799.4911525,
        "total_time": 1.3191275596618652,
        "rtt": 0.20221424102783203,
        "latency": 0.196535,
        "ttfb": 0.326316,
        "throughput": 2367.96961156721,
        "circ_id": "35",
        "circuit": [
            "624B7391B9790E7CD2AF6A7238239BA3D6928A57",
            "CF019F1D92427113250A338BBBA10950442BEA88",
            "75CC6045FF35DB0A5215E054D552970A8B5161CD"
        ]
    },
    "16": {
        "timestamp": 1682812803.817451,
        "total_time": 1.6786081790924072,
        "rtt": 0.20403194427490234,
        "latency": 0.196876,
        "ttfb": 0.606408,
        "throughput": 1274.460827228946,
        "circ_id": "37",
        "circuit": [
            "F72AF9F63CD443B2CC7FEB8552EC588EF1992F0A",
            "8CA0117A0EB69ECEE39E7ED1C8613C7E542B2ABF",
            "AACD4E09E65BA18CAF35FBC855EF659505B36E9E"
        ]
    },
    "17": {
        "timestamp": 1682812808.503832,
        "total_time": 1.4001400470733643,
        "rtt": 0.2030942440032959,
        "latency": 0.205148,
        "ttfb": 0.312265,
        "throughput": 2474.8988269043593,
        "circ_id": "39",