{
    "0": {
        "timestamp": 1682815484.9187863,
        "total_time": 1.5343859195709229,
        "rtt": 0.2994704246520996,
        "latency": 0.197002,
        "ttfb": 0.71473,
        "throughput": 1081.3684276791148,
        "circ_id": "4",
        "circuit": [
            "303509AB910EF207B7438C27435C4A2FD579F1B1",
            "BA76A31AF4CCA7273A4613A975C1C5E059FE301D",
            "1B18F98534634EF4EB4B36523F052F4D829E0496"
        ]
    },
    "1": {
        "timestamp": 1682815489.4612145,
        "total_time": 1.6204588413238525,
        "rtt": 0.305391788482666,
        "latency": 0.206613,
        "ttfb": 0.428269,
        "throughput": 1804.620107623528,
        "circ_id": "6",
        "circuit": [
            "AEC8D545DDEDC0311FA7F9F9A885D674D1F1C2FF",
            "AF9011B98279B7E9FB9EC6176F1E08C48ED09228",
            "050A1245EEC76B7438337BAAF19F4AB0666B375F"
        ]
    },
    "2": {
        "timestamp": 1682815494.0886688,
        "total_time": 1.2700297832489014,
        "rtt": 0.20229482650756836,
        "latency": 0.200888,
        "ttfb": 0.404585,
        "throughput": 1910.3164502217994,
        "circ_id": "8",
        "circuit": [
            "56927E61B51E6F363FB55498150A6DDFCF7077F2",
            "B771269758DC649748360BA8A2D13337F548AA21",
            "105F800FD30E637883A64EA64BC556E82C248A51"
        ]
    },
    "3": {
        "timestamp": 1682815498.3662374,
        "total_time": 1.703667402267456,
        "rtt": 0.2944307327270508,
        "latency": 0.303575,
        "ttfb": 0.713447,
        "throughput": 1083.3279610730692,
        "circ_id": "10",
        "circuit": [
            "02351FC88D0BF06F6CDE5452656641E6119DBD7E",
            "9DA5284A51021A711ECAA677C81E5408222B9F2A",
            "26CA344A0DA0C93343869BF6A17C852D1D3A0C9B"
        ]
    },
    "4": {
        "timestamp": 1682815503.0759501,
        "total_time": 1.2918734550476074,
        "rtt": 0.20579814910888672,
        "latency": 0.303676,
        "ttfb": 0.404086,
        "throughput": 1912.5520817869622,
        "circ_id": "12",
        "circuit": [
            "A22B1C2EF2255987F8AB8AA0B1A8E23F5023EEB8",
            "B771269758DC649748360BA8A2D13337F548AA21",
            "105F800FD30E637883A64EA64BC556E82C248A51"
        ]
    },
    "5": {
        "timestamp": 1682815507.3755176,
        "total_time": 1.2952227592468262,
        "rtt": 0.1952342987060547,
        "latency": 0.201423,
        "ttfb": 0.303556,
        "throughput": 2545.61860508004,
        "circ_id": "14",
        "circuit": [
            "57A295377F3167AD554B521F4615184943C39CE1",
            "BA76A31AF4CCA7273A4613A975C1C5E059FE301D",
            "0BA1C8F26AFAD3FAEF3B6A228F97382D115027B9"
        ]
    },
    "6": {
        "timestamp": 1682815511.6758692,
        "total_time": 1.089707851409912,
        "rtt": 0.299083948135376,
        "latency": 0.200897,
        "ttfb": 0.407193,
        "throughput": 1897.8220466525415,
        "circ_id": "16",
        "circuit": [
            "AEC8D545DDEDC0311FA7F9F9A885D674D1F1C2FF",
            "785DBB3C711E8E7E75DC81982FB20DCB0B18F1C8",
            "26CA344A0DA0C93343869BF6A17C852D1D3A0C9B"
        ]
    },
    "7": {
        "timestamp": 1682815515.7736678,
        "total_time": 1.6017835140228271,
        "rtt": 0.3046560287475586,
        "latency": 0.303656,
        "ttfb": 0.508466,
        "throughput": 1520.0198212157798,
        "circ_id": "18",
        "circuit": [
            "90BCBF737079BB5047CB2AEAE49FBC1BA91B5EDB",
            "9DA5284A51021A711ECAA677C81E5408222B9F2A",
            "0CA1B6BC906E5DD6F4CFE322B4BEFE7A17D42D52"
        ]
    },
    "8": {
        "timestamp": 1682815584.8299682,
        "total_time": 1.2545716762542725,
        "rtt": 0.2015211582183838,
        "latency": 0.200587,
        "ttfb": 0.405185,
        "throughput": 1907.215095866549,
        "circ_id": "22",
        "circuit": [
            "1C5FFA33058D7A548AB6C88EEC4AB2F974B36065",
            "CEDF6F8F5E3F09D4E06D5A68F58D8B7E3ABE4C07",
            "26CA344A0DA0C93343869BF6A17C852D1D3A0C9B"
        ]
    },
    "9": {
        "timestamp": 1682815589.0927057,
        "total_time": 1.1901934146881104,
        "rtt": 0.3033883571624756,
        "latency": 0.199679,
        "ttfb": 0.509468,
        "throughput": 1516.923608276555,
        "circ_id": "24",
        "circuit": [
            "303509AB910EF207B7438C27435C4A2FD579F1B1",
            "CEDF6F8F5E3F09D4E06D5A68F58D8B7E3ABE4C07",
            "1B18F98534634EF4EB4B36523F052F4D829E0496"
        ]
    },
    "10": {
        "timestamp": 1682815593.2910268,
        "total_time": 1.7120568752288818,
        "rtt": 0.40724945068359375,
        "latency": 0.197853,
        "ttfb": 0.414949,
        "throughput": 1862.4127521063574,
        "circ_id": "26",
        "circuit": [
            "EA670AB58CD5E1D5DCAB571D100EA1D36D72CA28",
            "9DA5284A51021A711ECAA677C81E5408222B9F2A",
            "0CA1B6BC906E5DD6F4CFE322B4BEFE7A17D42D52"
        ]
    },
    "11": {
        "timestamp": 1682815598.0097997,
        "total_time": 1.4889235496520996,
        "rtt": 0.2007429599761963,
        "latency": 0.304123,
        "ttfb": 0.508406,
        "throughput": 1520.1274311222985,
        "circ_id": "28",
        "circuit": [
            "C3ACB0492A644E27A549BC3CDF3B7A129186E3BF",
            "AF9011B98279B7E9FB9EC6176F1E08C48ED09228",
            "0CA1B6BC906E5DD6F4CFE322B4BEFE7A17D42D52"
        ]
    },
    "12": {
        "timestamp": 1682815602.505529,
        "total_time": 1.1922459602355957,
        "rtt": 0.2839236259460449,
        "latency": 0.304171,
        "ttfb": 0.614289,
        "throughput": 1258.2301763638288,
        "circ_id": "30",
        "circuit": [
            "B25E02013A30693556480274240B8B392AB04179",
            "C57A8B0C2DAE933916398359EC4DCC53D4FF329B",
            "1C7020213CEBC46299B77E42D498522B64C77E99"
        ]
    },
    "13": {
        "timestamp": 1682815606.7036364,
        "total_time": 1.4990055561065674,
        "rtt": 0.32755494117736816,
        "latency": 0.177377,
        "ttfb": 0.483872,
        "throughput": 1597.2163391305605,
        "circ_id": "32",
        "circuit": [
            "0C36AE99B744E32088C9ED23D7A31F8D23AE1A58",
            "8E5B1326F580D02E539FDAABF99A3BDE1077252E",
            "2F76402F04EE7AC80207A4B3B525B235673952AE"
        ]
    },
    "14": {
        "timestamp": 1682815611.2090745,
        "total_time": 1.1925725936889648,
        "rtt": 0.2158045768737793,
        "latency": 0.291389,
        "ttfb": 0.599118,
        "throughput": 1290.1158433902842,
        "circ_id": "34",
        "circuit": [
            "56927E61B51E6F363FB55498150A6DDFCF7077F2",
            "9DA5284A51021A711ECAA677C81E5408222B9F2A",
            "050A1245EEC76B7438337BAAF19F4AB0666B375F"
        ]
    },
    "15": {
        "timestamp": 1682815615.408944,
        "total_time": 1.1907391548156738,
        "rtt": 0.19649958610534668,
        "latency": 0.303324,
        "ttfb": 0.610787,
        "throughput": 1265.4249241236155,
        "circ_id": "36",
        "circuit": [
            "0C36AE99B744E32088C9ED23D7A31F8D23AE1A58",
            "BA76A31AF4CCA7273A4613A975C1C5E059FE301D",
            "105F800FD30E637883A64EA64BC556E82C248A51"
        ]
    },
    "16": {
        "timestamp": 1682815619.6076014,
        "total_time": 1.0855963230133057,
        "rtt": 0.19931411743164062,
        "latency": 0.305393,
        "ttfb": 0.508297,
        "throughput": 1520.4772685697876,
        "circ_id": "38",
        "circuit": [
            "57A295377F3167AD554B521F4615184943C39CE1",
            "B771269758DC649748360BA8A2D13337F548AA21",
            "105F800FD30E637883A64EA64BC556E82C248A51"
        ]
    },
    "17": {
        "timestamp": 1682815623.700584,
        "total_time": 1.2957580089569092,
        "rtt": 0.20202422142028809,
        "latency": 0.303835,
        "ttfb": 0.508069,
        "throughput": 1521.2103560380046,