{
    "0": {
        "timestamp": 1682813919.0105767,
        "total_time": 1.6306633949279785,
        "rtt": 0.40800046920776367,
        "latency": 0.198757,
        "ttfb": 0.505793,
        "throughput": 1528.0786930874701,
        "circ_id": "3",
        "circuit": [
            "303509AB910EF207B7438C27435C4A2FD579F1B1",
            "E5DEA9F6570207DB9841CA04C240BCDCFEC3200D",
            "8392CF7DD3E8B17685DDE98B0BC4E7391F727246"
        ]
    },
    "1": {
        "timestamp": 1682813987.2651103,
        "total_time": 1.579953908920288,
        "rtt": 0.3055696487426758,
        "latency": 0.162916,
        "ttfb": 0.304283,
        "throughput": 2539.471868696492,
        "circ_id": "7",
        "circuit": [
            "F50755D5018C23F6CD115F23C95CCB2DC8B608B1",
            "E5DEA9F6570207DB9841CA04C240BCDCFEC3200D",
            "209C8F817C662611D12A60EDE71078E23E17D1CD"
        ]
    },
    "2": {
        "timestamp": 1682813991.8520875,
        "total_time": 1.4968407154083252,
        "rtt": 0.27153992652893066,
        "latency": 0.202033,
        "ttfb": 0.613473,
        "throughput": 1259.8974479334747,
        "circ_id": "9",
        "circuit": [
            "5D575ADD108DDBBF17E78AD8CB267D6C1F338206",
            "E0917901656ED5B363E4B5B1AFC56150B8857F5C",
            "E97F58C06E7AA7175F9BE2A3C708325C03FB2FB1"
        ]
    },
    "3": {
        "timestamp": 1682813996.3548548,
        "total_time": 1.296539306640625,
        "rtt": 0.12252449989318848,
        "latency": 0.173388,
        "ttfb": 0.585968,
        "throughput": 1349.716491283152,
        "circ_id": "11",
        "circuit": [
            "BF50E09EED25B82861CF95E1AAA42DCFEF53E5D1",
            "873C5AC9DCFBA2C852EB1EF4DB08EAAB472DB31B",
            "01F73DBD9B56C31E3D3AAEB95F8CF1DEB7D9A72F"
        ]
    },
    "4": {
        "timestamp": 1682814000.6579835,
        "total_time": 1.7034287452697754,
        "rtt": 0.305389404296875,
        "latency": 0.154281,
        "ttfb": 0.303849,
        "throughput": 2543.532911275781,
        "circ_id": "13",
        "circuit": [
            "AC7C88D67339B90F2C10FF7B702DCB1EF3B8D663",
            "E5DEA9F6570207DB9841CA04C240BCDCFEC3200D",
            "209C8F817C662611D12A60EDE71078E23E17D1CD"
        ]
    },
    "5": {
        "timestamp": 1682814005.3675346,
        "total_time": 1.0712158679962158,
        "rtt": 0.10258603096008301,
        "latency": 0.198193,
        "ttfb": 0.384444,
        "throughput": 2010.3822066870564,
        "circ_id": "15",
        "circuit": [
            "57A295377F3167AD554B521F4615184943C39CE1",
            "AF9011B98279B7E9FB9EC6176F1E08C48ED09228",
            "C7E37A4FF3196F375FD7BEF26823493C88855630"
        ]
    },
    "6": {
        "timestamp": 1682814009.44365,
        "total_time": 1.3146448135375977,
        "rtt": 0.16092681884765625,
        "latency": 0.135906,
        "ttfb": 0.443532,
        "throughput": 1742.6355051275866,
        "circ_id": "17",
        "circuit": [
            "F72AF9F63CD443B2CC7FEB8552EC588EF1992F0A",
            "A6E4B97CA238DE7E8998D410FB6D2DED07B53509",
            "26CA344A0DA0C93343869BF6A17C852D1D3A0C9B"
        ]
    },
    "7": {
        "timestamp": 1682814013.7633216,
        "total_time": 1.500622034072876,
        "rtt": 0.20037508010864258,
        "latency": 0.199979,
        "ttfb": 0.404788,
        "throughput": 1909.3868719154634,
        "circ_id": "19",
        "circuit": [
            "61866162CCDFE651B0D76AA57ECA90B9CC7C80DD",
            "B361D20C4346372885FC3FB4D168BF7CB08977EB",
            "8392CF7DD3E8B17685DDE98B0BC4E7391F727246"
        ]
    },
    "8": {
        "timestamp": 1682814018.269525,
        "total_time": 1.8048067092895508,
        "rtt": 0.3019752502441406,
        "latency": 0.305427,
        "ttfb": 0.50746,
        "throughput": 1522.9456487689356,
        "circ_id": "21",
        "circuit": [
            "5F3B05B9A5575E614337AFA84DF04F526CD14C1B",
            "B361D20C4346372885FC3FB4D168BF7CB08977EB",
            "3DE791841B38F2071450E0FBFD3B41E067267F32"
        ]
    },
    "9": {
        "timestamp": 1682814023.0798523,
        "total_time": 1.7073845863342285,
        "rtt": 0.3016321659088135,
        "latency": 0.202773,
        "ttfb": 0.714757,
        "throughput": 1106.5490637699609,
        "circ_id": "23",
        "circuit": [
            "B4E3546B058FEB655A6D8698D97C1459A2DF8E77",
            "AF9011B98279B7E9FB9EC6176F1E08C48ED09228",
            "01F73DBD9B56C31E3D3AAEB95F8CF1DEB7D9A72F"
        ]
    },
    "10": {
        "timestamp": 1682814027.7930813,
        "total_time": 1.1205885410308838,
        "rtt": 0.17169785499572754,
        "latency": 0.292743,
        "ttfb": 0.527461,
        "throughput": 1465.1500878521429,
        "circ_id": "25",
        "circuit": [
            "303509AB910EF207B7438C27435C4A2FD579F1B1",
            "E5DEA9F6570207DB9841CA04C240BCDCFEC3200D",
            "8F744605199E75C26F74E818BDE50D9A7325EC94"
        ]
    },
    "11": {
        "timestamp": 1682814031.9191067,
        "total_time": 1.3649749755859375,
        "rtt": 0.3037242889404297,
        "latency": 0.199379,
        "ttfb": 0.403623,
        "throughput": 1914.7882090661383,
        "circ_id": "27",
        "circuit": [
            "E04861C32098EF38D6BB2AEFEC81095953FEF0ED",
            "E0917901656ED5B363E4B5B1AFC56150B8857F5C",
            "3DE791841B38F2071450E0FBFD3B41E067267F32"
        ]
    },
    "12": {
        "timestamp": 1682814036.2892869,
        "total_time": 0.9914071559906006,
        "rtt": 0.30282068252563477,
        "latency": 0.202857,
        "ttfb": 0.30453,
        "throughput": 2537.896074304869,
        "circ_id": "29",
        "circuit": [
            "BF50E09EED25B82861CF95E1AAA42DCFEF53E5D1",
            "E5DEA9F6570207DB9841CA04C240BCDCFEC3200D",
            "D04317BF5C7694CE5914E17CBECFAAC88348579D"
        ]
    },
    "13": {
        "timestamp": 1682814040.2881875,
        "total_time": 1.4951305389404297,
        "rtt": 0.301882266998291,
        "latency": 0.30563,
        "ttfb": 0.507299,
        "throughput": 1523.521957045747,
        "circ_id": "31",
        "circuit": [
            "BB2F9504B41CE4DF1BE3EA22A8A1853CA774BA36",
            "E0917901656ED5B363E4B5B1AFC56150B8857F5C",
            "8392CF7DD3E8B17685DDE98B0BC4E7391F727246"
        ]
    },
    "14": {
        "timestamp": 1682814044.7895815,
        "total_time": 2.014177083969116,
        "rtt": 0.20027828216552734,
        "latency": 0.20304,
        "ttfb": 0.612331,
        "throughput": 1262.244836308236,
        "circ_id": "33",
        "circuit": [
            "049700B89D90486682F4F96B98C589F18731267D",
            "E5DEA9F6570207DB9841CA04C240BCDCFEC3200D",
            "2FF236B93D8574F3F77156B9542CA0554CB1DA2C"
        ]
    },
    "15": {
        "timestamp": 1682814049.808883,
        "total_time": 1.5003876686096191,
        "rtt": 0.3042905330657959,
        "latency": 0.305961,
        "ttfb": 0.612185,
        "throughput": 1262.6056390940598,
        "circ_id": "35",
        "circuit": [
            "24893333D304C74CCDD11D99090C0471DCFED589",
            "F22A238894E85D2D25036553A4601961EBFC2F03",
            "6E3DD22CF40499F67CCADC5C024397748C0E63B4"
        ]
    },
    "16": {
        "timestamp": 1682814054.3168924,
        "total_time": 1.1914350986480713,
        "rtt": 0.3387157917022705,
        "latency": 0.198679,
        "ttfb": 0.508363,
        "throughput": 1520.2440257163141,
        "circ_id": "37",
        "circuit": [
            "BF50E09EED25B82861CF95E1AAA42DCFEF53E5D1",
            "B361D20C4346372885FC3FB4D168BF7CB08977EB",
            "105F800FD30E637883A64EA64BC556E82C248A51"
        ]
    },
    "17": {
        "timestamp": 1682814058.516078,
        "total_time": 1.6003634929656982,
        "rtt": 0.3046443462371826,
        "latency": 0.160836,
        "ttfb": 0.409499,
        "throughput": 1887.3959551615274,
        "circ_id": "39",