{
    "0": {
        "timestamp": 1682810987.1120582,
        "total_time": 1.9417853355407715,
        "rtt": 0.3070709705352783,
        "latency": 0.292076,
        "ttfb": 0.595614,
        "throughput": 1297.5567995837075,
        "circ_id": "4",
        "circuit": [
            "5DFDE8A0AE1376CEADA8882A33D3C2B27B88201F",
            "21926E3247C41DC078C1B62678618D7AA4B75A26",
            "BA44007C68E4D56D5032400778F4479C264F4AA9"
        ]
    },
    "1": {
        "timestamp": 1682810992.063088,
        "total_time": 1.9072539806365967,
        "rtt": 0.20150375366210938,
        "latency": 0.429285,
        "ttfb": 0.713366,
        "throughput": 1083.4403224811765,
        "circ_id": "6",
        "circuit": [
            "B17565B56DA028F45ABEC5EAB31F01675B26241F",
            "1EB0E62C2284A61C4C099097B25132CE114D4EA0",
            "596EA54DA569A3A911E289B6FB5306F947DDBD08"
        ]
    },
    "2": {
        "timestamp": 1682810996.9780946,
        "total_time": 1.1893703937530518,
        "rtt": 0.2262122631072998,
        "latency": 0.111511,
        "ttfb": 0.277319,
        "throughput": 2786.7304045625947,
        "circ_id": "8",
        "circuit": [
            "2A82DFF7BEB7B4269D4D6EAE39DEC36F98214268",
            "A53725A60C9A505A066525F433F8AF42FACC44FE",
            "848FB87A99BB982B44162A4052013A2CD42E06EF"
        ]
    },
    "3": {
        "timestamp": 1682811001.1746066,
        "total_time": 2.1163384914398193,
        "rtt": 0.4059627056121826,
        "latency": 0.203179,
        "ttfb": 0.516825,
        "throughput": 1495.387127289751,
        "circ_id": "10",
        "circuit": [
            "5E722B06ABE3F2146D5E1FEC7ECBB324A17BDC64",
            "3A63820A01459135D2A66188278199130F6B0015",
            "A8A469C8B911B4981660FC9A52F67B11E4586289"
        ]
    },
    "4": {
        "timestamp": 1682811006.297077,
        "total_time": 1.729860544204712,
        "rtt": 0.3058445453643799,
        "latency": 0.202357,
        "ttfb": 0.333904,
        "throughput": 2314.184182715768,
        "circ_id": "12",
        "circuit": [
            "5027B7919360F10414FEBD95ACA0B78B416F5FF4",
            "2EC34ECA8B5CDB181DED6948D8323199A6BBD5EC",
            "CC845D6C61B00164CD232DFEFBE7C677A3183A1A"
        ]
    },
    "5": {
        "timestamp": 1682811011.0350266,
        "total_time": 1.6730589866638184,
        "rtt": 0.299854040145874,
        "latency": 0.229414,
        "ttfb": 0.611797,
        "throughput": 1263.2390888336529,
        "circ_id": "14",
        "circuit": [
            "874D84382C892F3F61CC9E106BF08843DE0B865A",
            "41E041EC676622FFEE59F56BC75B99CD0D47F653",
            "330A5D4F9D5D5326B9AAC12C339EB49279D60237"
        ]
    },
    "6": {
        "timestamp": 1682811015.7151966,
        "total_time": 1.6009738445281982,
        "rtt": 0.30489683151245117,
        "latency": 0.124698,
        "ttfb": 0.405478,
        "throughput": 1905.7950469052403,
        "circ_id": "16",
        "circuit": [
            "303509AB910EF207B7438C27435C4A2FD579F1B1",
            "BE2B68B8B88BFC353302360D58ACF9BD9BA98024",
            "AACD4E09E65BA18CAF35FBC855EF659505B36E9E"
        ]
    },
    "7": {
        "timestamp": 1682811020.3256717,
        "total_time": 1.4933371543884277,
        "rtt": 0.19854283332824707,
        "latency": 0.172684,
        "ttfb": 0.405689,
        "throughput": 1905.0529496282313,
        "circ_id": "18",
        "circuit": [
            "0439AB73BB2B8730FCB15B18252928FC0C2EDF91",
            "4476A36CCC52AE8005CCB2C6D87460A2766917B6",
            "1B78106D1E5653070DA6FAA0F95EC653932F49B4"
        ]
    },
    "8": {
        "timestamp": 1682811024.8265104,
        "total_time": 2.0109028816223145,
        "rtt": 0.17517685890197754,
        "latency": 0.398984,
        "ttfb": 0.70407,
        "throughput": 1097.7665492212673,
        "circ_id": "20",
        "circuit": [
            "5FAE28CF4D1C520341EE104BF72516F4308B9485",
            "014BD09636373B78CC28BA70E36C7190E3DE236A",
            "96C7E57191B0807D0AAB94EE81BEF62C99FFF4D0"
        ]
    },
    "9": {
        "timestamp": 1682811029.8440988,
        "total_time": 3.038010597229004,
        "rtt": 1.2244927883148193,
        "latency": 0.199686,
        "ttfb": 0.507454,
        "throughput": 1522.9456487689356,
        "circ_id": "22",
        "circuit": [
            "6CBA90E31188A65E2B6AC1EE8412E8DE571ECAD6",
            "98350B16551452ABC7F3457D06032CD30F7280CE",
            "18F81FA0CF19C9103FB11BF626A980CB9CD4AFEF"
        ]
    },
    "10": {
        "timestamp": 1682811035.891426,
        "total_time": 1.8036603927612305,
        "rtt": 0.2098371982574463,
        "latency": 0.200385,
        "ttfb": 0.503085,
        "throughput": 1536.2082088766203,
        "circ_id": "24",
        "circuit": [
            "4B7F4885DC18018C0B870DD7D8415E265099C187",
            "07816F5EF2E310139C2AF386E6E86BCFDCABFFAB",
            "3DE791841B38F2071450E0FBFD3B41E067267F32"
        ]
    },
    "11": {
        "timestamp": 1682811040.7015731,
        "total_time": 1.4089257717132568,
        "rtt": 0.1335899829864502,
        "latency": 0.164388,
        "ttfb": 0.279374,
        "throughput": 2765.7321139782175,
        "circ_id": "26",
        "circuit": [
            "8D8D3EAE929E723126B83AF541AB9BF889E2071E",
            "014BD09636373B78CC28BA70E36C7190E3DE236A",
            "2F76402F04EE7AC80207A4B3B525B235673952AE"
        ]
    },
    "12": {
        "timestamp": 1682811188.1305993,
        "total_time": 1.8384687900543213,
        "rtt": 0.326401948928833,
        "latency": 0.173382,
        "ttfb": 0.585571,
        "throughput": 1319.9663263441714,
        "circ_id": "30",
        "circuit": [
            "778DCB9DB6CDD5FF2F1A85571308B492D6DFF962",
            "68D2ABD936233A569E2B46D6228816149A16B4FA",
            "330A5D4F9D5D5326B9AAC12C339EB49279D60237"
        ]
    },
    "13": {
        "timestamp": 1682811192.9768245,
        "total_time": 1.5975019931793213,
        "rtt": 0.388477087020874,
        "latency": 0.198127,
        "ttfb": 0.401931,
        "throughput": 1922.8425234260924,
        "circ_id": "32",
        "circuit": [
            "7C80E6E91AF12DA27C15F6EA099E73499D613C18",
            "AE5663F25D87F60A948B02BFDE05E04B74B5221B",
            "86865542878BC2CE252BB59E4DCCC2FD803A4019"
        ]
    },
    "14": {
        "timestamp": 1682811197.5807946,
        "total_time": 1.73195219039917,
        "rtt": 0.19870400428771973,
        "latency": 0.202869,
        "ttfb": 0.535326,
        "throughput": 1443.826195452601,
        "circ_id": "34",
        "circuit": [
            "CC701FCE86D6AF95FC3D5B71645D3430794910C1",
            "DD7BD3E5BD0BA48A8C70B0CDF017FA5988B87E27",
            "A3389B5CCACB850B45148895B26AC912B7EC9CB6"
        ]
    },
    "15": {
        "timestamp": 1682811202.3190057,
        "total_time": 1.2692325115203857,
        "rtt": 0.20338201522827148,
        "latency": 0.200065,
        "ttfb": 0.50983,
        "throughput": 1515.8646115229244,
        "circ_id": "36",
        "circuit": [
            "FFA72BD683BC2FCF988356E6BEC1E490F313FB07",
            "DD7BD3E5BD0BA48A8C70B0CDF017FA5988B87E27",
            "1776D90032C846157BAA30247CE2DC74063D85D2"
        ]
    },
    "16": {
        "timestamp": 1682811206.596225,
        "total_time": 2.932039737701416,
        "rtt": 0.3002009391784668,
        "latency": 0.253778,
        "ttfb": 0.510789,
        "throughput": 1513.1613719068769,
        "circ_id": "38",
        "circuit": [
            "0A8FB5E28FFE1DB020F2E37410B25ACA7367D8E9",
            "774A36D20AAA6E2A1265AB6E1FFC9B50C95872AB",
            "6C64100D8F7050E76F420CE404031EABC7101124"
        ]
    },
    "17": {
        "timestamp": 1682811212.5366924,
        "total_time": 1.3169143199920654,
        "rtt": 0.15334606170654297,
        "latency": 0.246345,
        "ttfb": 0.373693,
        "throughput": 2067.9397113980126,
        "circ_id": "40",