{
    "0": {
        "timestamp": 1682810489.952822,
        "total_time": 2.0523996353149414,
        "rtt": 0.30653810501098633,
        "latency": 0.200534,
        "ttfb": 0.517041,
        "throughput": 1494.8347946487622,
        "circ_id": "4",
        "circuit": [
            "45B7B62834A184B10EC1D97B23E56398A0724282",
            "04E96ED4C16CBED0D9E9AE6B979C21E842051687",
            "105F800FD30E637883A64EA64BC556E82C248A51"
        ]
    },
    "1": {
        "timestamp": 1682810495.0123684,
        "total_time": 2.613119602203369,
        "rtt": 0.3012704849243164,
        "latency": 0.2343,
        "ttfb": 0.91956,
        "throughput": 860.0929900790285,
        "circ_id": "6",
        "circuit": [
            "7EEDD54E5457DA009E46C91BBF1F443DCEE01968",
            "04E96ED4C16CBED0D9E9AE6B979C21E842051687",
            "01F73DBD9B56C31E3D3AAEB95F8CF1DEB7D9A72F"
        ]
    },
    "2": {
        "timestamp": 1682810500.631643,
        "total_time": 1.8357741832733154,
        "rtt": 0.16358160972595215,
        "latency": 0.342709,
        "ttfb": 0.573609,
        "throughput": 1347.445779688257,
        "circ_id": "8",
        "circuit": [
            "6CBA90E31188A65E2B6AC1EE8412E8DE571ECAD6",
            "2848309FCE708D38DFEDB8BF34D2DE5433E24C43",
            "85FF20C8DCDDFE445910B93C74AB06044E305073"
        ]
    },
    "3": {
        "timestamp": 1682810505.4722655,
        "total_time": 1.8813025951385498,
        "rtt": 0.20179963111877441,
        "latency": 0.212452,
        "ttfb": 0.401974,
        "throughput": 1922.2352636918854,
        "circ_id": "10",
        "circuit": [
            "FD449127D30D8F5D124653D9EF736EDF4A12B4DC",
            "3A63820A01459135D2A66188278199130F6B0015",
            "A0E3D391B83CED2F264CD6D39525E37775EA1EEB"
        ]
    },
    "4": {
        "timestamp": 1682810510.360051,
        "total_time": 2.115783214569092,
        "rtt": 0.32063889503479004,
        "latency": 0.185385,
        "ttfb": 0.492379,
        "throughput": 1569.533586597442,
        "circ_id": "12",
        "circuit": [
            "F6740DEABFD5F62612FA025A5079EA72846B1F67",
            "A6E4B97CA238DE7E8998D410FB6D2DED07B53509",
            "26CA344A0DA0C93343869BF6A17C852D1D3A0C9B"
        ]
    },
    "5": {
        "timestamp": 1682810519.575806,
        "total_time": 1.6041154861450195,
        "rtt": 0.20111513137817383,
        "latency": 0.227747,
        "ttfb": 0.407286,
        "throughput": 1897.393477188323,
        "circ_id": "16",
        "circuit": [
            "50B7C4F6C18A3E5FC1D4E2ECE6B7B316B29FB26C",
            "CFD2895204AEAA82434363B55D9537B88CE6DEFD",
            "6E3DD22CF40499F67CCADC5C024397748C0E63B4"
        ]
    },
    "6": {
        "timestamp": 1682810524.1838813,
        "total_time": 1.770108938217163,
        "rtt": 0.20055317878723145,
        "latency": 0.202195,
        "ttfb": 0.368759,
        "throughput": 2095.9131050152787,
        "circ_id": "18",
        "circuit": [
            "BD2BC415D5D8AE3C34430E70EC82CF3B0C61BDDF",
            "3595316EC9E9FC333C5B5B29B2DBE2C8A0584F92",
            "3DE791841B38F2071450E0FBFD3B41E067267F32"
        ]
    },
    "7": {
        "timestamp": 1682810528.959731,
        "total_time": 2.0508432388305664,
        "rtt": 0.26354002952575684,
        "latency": 0.341988,
        "ttfb": 0.956467,
        "throughput": 826.9283844474738,
        "circ_id": "20",
        "circuit": [
            "E04861C32098EF38D6BB2AEFEC81095953FEF0ED",
            "68D2ABD936233A569E2B46D6228816149A16B4FA",
            "01F73DBD9B56C31E3D3AAEB95F8CF1DEB7D9A72F"
        ]
    },
    "8": {
        "timestamp": 1682810534.016072,
        "total_time": 1.1927390098571777,
        "rtt": 0.30491185188293457,
        "latency": 0.20313,
        "ttfb": 0.40795,
        "throughput": 1894.4871160171165,
        "circ_id": "22",
        "circuit": [
            "FD449127D30D8F5D124653D9EF736EDF4A12B4DC",
            "D62D4ACD66B9FB91AC2EAA7CF29E654A8AEC1C36",
            "D5C4D888D80F0D5BE98A672B5E10B78EA5D5D5F2"
        ]
    },
    "9": {
        "timestamp": 1682810538.2144318,
        "total_time": 1.190927505493164,
        "rtt": 0.35877490043640137,
        "latency": 0.199904,
        "ttfb": 0.402794,
        "throughput": 1918.6092688932133,
        "circ_id": "24",
        "circuit": [
            "61866162CCDFE651B0D76AA57ECA90B9CC7C80DD",
            "6D100EE20A83025E4005C655973FF59DF20D9218",
            "2FF236B93D8574F3F77156B9542CA0554CB1DA2C"
        ]
    },
    "10": {
        "timestamp": 1682810542.4118497,
        "total_time": 1.706475019454956,
        "rtt": 0.31160497665405273,
        "latency": 0.19329,
        "ttfb": 0.602972,
        "throughput": 1311.6287245032474,
        "circ_id": "26",
        "circuit": [
            "EA670AB58CD5E1D5DCAB571D100EA1D36D72CA28",
            "E7B4C1A519BCEB0A7E772E08005AEFC083F84393",
            "01F73DBD9B56C31E3D3AAEB95F8CF1DEB7D9A72F"
        ]
    },
    "11": {
        "timestamp": 1682810547.1231496,
        "total_time": 2.0120882987976074,
        "rtt": 0.509746789932251,
        "latency": 0.200752,
        "ttfb": 0.510706,
        "throughput": 1513.4517075768522,
        "circ_id": "28",
        "circuit": [
            "46DB04323499DD535956531DF2BF7B03EB2AB15D",
            "B361D20C4346372885FC3FB4D168BF7CB08977EB",
            "85FF20C8DCDDFE445910B93C74AB06044E305073"
        ]
    },
    "12": {
        "timestamp": 1682810552.1396737,
        "total_time": 1.8056089878082275,
        "rtt": 0.30385446548461914,
        "latency": 0.213444,
        "ttfb": 0.607991,
        "throughput": 1271.1139760050517,
        "circ_id": "30",
        "circuit": [
            "57A295377F3167AD554B521F4615184943C39CE1",
            "006AE565CA934C6EE5E82FC64008D61426E8C317",
            "1B18F98534634EF4EB4B36523F052F4D829E0496"
        ]
    },
    "13": {
        "timestamp": 1682810556.9521902,
        "total_time": 1.6038100719451904,
        "rtt": 0.20113253593444824,
        "latency": 0.197371,
        "ttfb": 0.50732,
        "throughput": 1523.3478179471263,
        "circ_id": "32",
        "circuit": [
            "B4E3546B058FEB655A6D8698D97C1459A2DF8E77",
            "3A63820A01459135D2A66188278199130F6B0015",
            "E97F58C06E7AA7175F9BE2A3C708325C03FB2FB1"
        ]
    },
    "14": {
        "timestamp": 1682810561.5639508,
        "total_time": 1.8292553424835205,
        "rtt": 0.19993066787719727,
        "latency": 0.203501,
        "ttfb": 0.330287,
        "throughput": 2339.5883777239706,
        "circ_id": "34",
        "circuit": [
            "1B7F47827E2FFAFE05B92B1C5A92B8F9A4AF67DD",
            "3A63820A01459135D2A66188278199130F6B0015",
            "85FF20C8DCDDFE445910B93C74AB06044E305073"
        ]
    },
    "15": {
        "timestamp": 1682810566.3998792,
        "total_time": 1.4850726127624512,
        "rtt": 0.2910170555114746,
        "latency": 0.202265,
        "ttfb": 0.316673,
        "throughput": 2440.618458400558,
        "circ_id": "36",
        "circuit": [
            "5F3B05B9A5575E614337AFA84DF04F526CD14C1B",
            "3A63820A01459135D2A66188278199130F6B0015",
            "E97F58C06E7AA7175F9BE2A3C708325C03FB2FB1"
        ]
    },
    "16": {
        "timestamp": 1682810570.889718,
        "total_time": 0.8758525848388672,
        "rtt": 0.16087055206298828,
        "latency": 0.14206,
        "ttfb": 0.244216,
        "throughput": 3164.5569620253164,
        "circ_id": "38",
        "circuit": [
            "1B7F47827E2FFAFE05B92B1C5A92B8F9A4AF67DD",
            "B0AB68E38CF7D4CBD443162A1DEC8B633891352B",
            "E97F58C06E7AA7175F9BE2A3C708325C03FB2FB1"
        ]
    },
    "17": {
        "timestamp": 1682810574.7723124,
        "total_time": 1.8064980506896973,
        "rtt": 0.30347776412963867,
        "latency": 0.19726,
        "ttfb": 0.405091,
        "throughput": 1907.718733649888,
        "circ_id": "40",