{
    "0": {
        "timestamp": 1682807219.021896,
        "total_time": 2.0216383934020996,
        "rtt": 0.3039212226867676,
        "latency": 0.300723,
        "ttfb": 0.607986,
        "throughput": 1271.2812146409494,
        "circ_id": "3",
        "circuit": [
            "131FBC8A3D4B44DE9B258ADC58674082B1E06D2C",
            "721A251658BA2240EED110C078334AB2DF6C309C",
            "D04317BF5C7694CE5914E17CBECFAAC88348579D"
        ]
    },
    "1": {
        "timestamp": 1682807224.049344,
        "total_time": 1.6020028591156006,
        "rtt": 0.299236536026001,
        "latency": 0.200571,
        "ttfb": 0.405876,
        "throughput": 1904.269208976917,
        "circ_id": "5",
        "circuit": [
            "B7F27FBA6058F4F6D2ECBB715DE7539AF9E6C7BC",
            "01F2BF8CBD0BA82B5354D01BE4AF249C2C73B038",
            "A3389B5CCACB850B45148895B26AC912B7EC9CB6"
        ]
    },
    "2": {
        "timestamp": 1682807228.6575928,
        "total_time": 1.4993741512298584,
        "rtt": 0.19910454750061035,
        "latency": 0.197844,
        "ttfb": 0.405179,
        "throughput": 1907.2668594494835,
        "circ_id": "7",
        "circuit": [
            "12C2B0CD1B8C7A12229A7C36E134274550DCD7F4",
            "132F529D2860B0DD4E7C272ED23DFE7E2FDEE2A3",
            "812DA820DA42A26E1D8798AFC554D4A5D8663E19"
        ]
    },
    "3": {
        "timestamp": 1682807233.16565,
        "total_time": 1.2904865741729736,
        "rtt": 0.3029301166534424,
        "latency": 0.198991,
        "ttfb": 0.404724,
        "throughput": 1909.6651786265727,
        "circ_id": "9",
        "circuit": [
            "F5204D98AB3894B807A0C2412267F4B69BA491C5",
            "4839E9CA0DD1B72B4FB6504006CB499A059AEDA0",
            "76ADD92A79BE1FCF80138149C444DEB0B5AB0D53"
        ]
    },
    "4": {
        "timestamp": 1682807237.4634874,
        "total_time": 6.106531858444214,
        "rtt": 0.20028471946716309,
        "latency": 2.967124,
        "ttfb": 3.47912,
        "throughput": 465.9135786359223,
        "circ_id": "11",
        "circuit": [
            "44DC23661E05DEFD94398936D9334987ABCB6E5E",
            "453D69BB809FC59ED0CAD5D8399C27BC06DEB424",
            "F36E7C8746649077DA254397F721851ABBD4B528"
        ]
    },
    "5": {
        "timestamp": 1682807246.5773616,
        "total_time": 1.499351978302002,
        "rtt": 0.30013537406921387,
        "latency": 0.198209,
        "ttfb": 0.403869,
        "throughput": 1913.63159249797,
        "circ_id": "13",
        "circuit": [
            "DCAA176F75B04287131C6D78B7CFDDAC6F2691D9",
            "373BC4D25544384D61376ADDF41516EFD94E1433",
            "F08ED6AC7FB6E84DA41B80A6E71C7900E1C7C37F"
        ]
    },
    "6": {
        "timestamp": 1682807251.0864258,
        "total_time": 1.9040367603302002,
        "rtt": 0.24036741256713867,
        "latency": 0.234115,
        "ttfb": 0.534728,
        "throughput": 1445.4623141982547,
        "circ_id": "15",
        "circuit": [
            "920FF090D8A853946E407241916F6CAE890BF625",
            "D6D9673102DF1435C1A66F4C98E68B56F19216F7",
            "330A5D4F9D5D5326B9AAC12C339EB49279D60237"
        ]
    },
    "7": {
        "timestamp": 1682807255.999533,
        "total_time": 1.3945529460906982,
        "rtt": 0.3023109436035156,
        "latency": 0.201783,
        "ttfb": 0.407248,
        "throughput": 1897.7707944613571,
        "circ_id": "17",
        "circuit": [
            "875F74A3DC14737BECA06F8B500022154D1A29D1",
            "C73930A5616BCF08A264ACBF37BABD1A50CA8AFC",
            "C7E37A4FF3196F375FD7BEF26823493C88855630"
        ]
    },
    "8": {
        "timestamp": 1682807260.402379,
        "total_time": 1.8042707443237305,
        "rtt": 0.19880461692810059,
        "latency": 0.301824,
        "ttfb": 0.609676,
        "throughput": 1267.668228429551,
        "circ_id": "19",
        "circuit": [
            "04DFE047ACDF7A6620ACA782FAFC5EF1AE7F4754",
            "3A63820A01459135D2A66188278199130F6B0015",
            "2007D6BCF9E362B92FF6F06A79C42AF45487D423"
        ]
    },
    "9": {
        "timestamp": 1682807265.2165463,
        "total_time": 1.4947044849395752,
        "rtt": 0.2112724781036377,
        "latency": 0.187791,
        "ttfb": 0.494807,
        "throughput": 1561.8591174788805,
        "circ_id": "21",
        "circuit": [
            "615D541946672D02F31995A48A89A526C7EC3524",
            "221F035A330AC4231A2E3D901F1CB11483C19F66",
            "8657A9B481BA39A60C29E49AFAD5CE5523677812"
        ]
    },
    "10": {
        "timestamp": 1682807269.7199817,
        "total_time": 2.1097302436828613,
        "rtt": 0.23876142501831055,
        "latency": 0.612708,
        "ttfb": 0.713792,
        "throughput": 1082.8468927337192,
        "circ_id": "23",
        "circuit": [
            "5A9F16CC66A197ABD71025C088DEDE3E59DC6003",
            "6856BC9E77AAE0E72C4E0F8FC4C8E1BAD7007F92",
            "6F9BBCB2A3AB5A1D11BD1871621433BAC8AD9107"
        ]
    },
    "11": {
        "timestamp": 1682807274.8378043,
        "total_time": 1.70285964012146,
        "rtt": 0.2123548984527588,
        "latency": 0.287086,
        "ttfb": 0.491857,
        "throughput": 1571.4256672968631,
        "circ_id": "25",
        "circuit": [
            "288C100FFA656938C23F32207CAF0DA932ECD247",
            "373BC4D25544384D61376ADDF41516EFD94E1433",
            "DA87AB571885FB7E9B47F66EBE5D1E3F2EF6DFFE"
        ]
    },
    "12": {
        "timestamp": 1682807279.543679,
        "total_time": 1.71895432472229,
        "rtt": 0.19842815399169922,
        "latency": 0.19796,
        "ttfb": 0.314475,
        "throughput": 2457.2992596313097,
        "circ_id": "27",
        "circuit": [
            "2AA5F598F9A1812F01CD99E3B59BB87362ED7438",
            "04E96ED4C16CBED0D9E9AE6B979C21E842051687",
            "60FE782DF923698546023C6F14FEC0884624F35C"
        ]
    },
    "13": {
        "timestamp": 1682807284.2701912,
        "total_time": 1.3905434608459473,
        "rtt": 0.19849705696105957,
        "latency": 0.256435,
        "ttfb": 0.513157,
        "throughput": 1506.1532106588104,
        "circ_id": "29",
        "circuit": [
            "D8056CAD4A3D6EE7D82748027474BF5C53E569D9",
            "E7B4C1A519BCEB0A7E772E08005AEFC083F84393",
            "CD0D60E343624E32B0B3F882F978EBE3E1CC3D7A"
        ]
    },
    "14": {
        "timestamp": 1682807288.6701777,
        "total_time": 1.898073673248291,
        "rtt": 0.29925990104675293,
        "latency": 0.40632,
        "ttfb": 0.815155,
        "throughput": 948.1986678606038,
        "circ_id": "31",
        "circuit": [
            "AE5BFD2CFA3FEF7B91067BE1FCB20B62CD3B6BE2",
            "CEDB98E021C9AFE6CDC549A503A94BC43D02C883",
            "180742884B16321F408B8FA9EAA94CB65437E704"
        ]
    },
    "15": {
        "timestamp": 1682807293.5765095,
        "total_time": 1.9206106662750244,
        "rtt": 0.2260582447052002,
        "latency": 0.401439,
        "ttfb": 0.593373,
        "throughput": 1302.6033530661732,
        "circ_id": "33",
        "circuit": [
            "286F4C17B4190BE67EDFE5D92AC2978C0F831EA4",
            "B361D20C4346372885FC3FB4D168BF7CB08977EB",
            "D93FF41DA59B598DAA6F52A8C4B5B0CCDAAF8D8E"
        ]
    },
    "16": {
        "timestamp": 1682807298.5041862,
        "total_time": 1.9979417324066162,
        "rtt": 0.2188129425048828,
        "latency": 0.281865,
        "ttfb": 0.589351,
        "throughput": 1311.3897508020175,
        "circ_id": "35",
        "circuit": [
            "D998E51D2D3E647BD82B9F07D7C9CCCD49EC157B",
            "7A2A6F39F485C4FC95FB885FFF37C436FD2BB7E5",
            "AD47884DD1599A2E11C64467ABACB668329707CF"
        ]
    },
    "17": {
        "timestamp": 1682807303.5097594,
        "total_time": 1.6995491981506348,
        "rtt": 0.2872779369354248,
        "latency": 0.302945,
        "ttfb": 0.610221,
        "throughput": 1266.592276900339,
        "circ_id": "37",