{
    "0": {
        "timestamp": 1682808168.6289923,
        "total_time": 1.5327386856079102,
        "rtt": 0.3045511245727539,
        "latency": 0.199575,
        "ttfb": 0.302312,
        "throughput": 2556.4790041307147,
        "circ_id": "3",
        "circuit": [
            "B204DE75B37064EF6A4C6BAF955C5724578D0B32",
            "38D4C236154221953E73EE24F1733591F254CC1D",
            "18F81FA0CF19C9103FB11BF626A980CB9CD4AFEF"
        ]
    },
    "1": {
        "timestamp": 1682808173.167049,
        "total_time": 5.7268967628479,
        "rtt": 0.3039216995239258,
        "latency": 0.304656,
        "ttfb": 0.53846,
        "throughput": 1435.2610021203984,
        "circ_id": "5",
        "circuit": [
            "D393F4C582193939A79823CA13785D54DEAFA75F",
            "ED27E27D332AB216BD9DB454C90880E8F8314ACD",
            "F66DBA2ABD941CCB82A6143AF8D1CD3EEF1622F0"
        ]
    },
    "2": {
        "timestamp": 1682808181.9004,
        "total_time": 1.877734899520874,
        "rtt": 0.3328518867492676,
        "latency": 0.168412,
        "ttfb": 0.373531,
        "throughput": 2068.9858222278135,
        "circ_id": "7",
        "circuit": [
            "5027B7919360F10414FEBD95ACA0B78B416F5FF4",
            "323F66BDC56589A61AF52F62A3307830C381CDCD",
            "67B751FF156E76F6B715BDBA2F23CF2D3BE43CFA"
        ]
    },
    "3": {
        "timestamp": 1682808186.7836719,
        "total_time": 1.605384349822998,
        "rtt": 0.20208454132080078,
        "latency": 0.300588,
        "ttfb": 0.506428,
        "throughput": 1526.1448554308447,
        "circ_id": "9",
        "circuit": [
            "036EFD2E61DEA3D2FEE59861BA4245E4DE864112",
            "D05F41CB78A00311D8EC4ABB4E951582E8298D0C",
            "77FEF21B56B9FC953B3E8726B5FB8513729CAB09"
        ]
    },
    "4": {
        "timestamp": 1682808191.3945744,
        "total_time": 1.499110221862793,
        "rtt": 0.14713549613952637,
        "latency": 0.155666,
        "ttfb": 0.462547,
        "throughput": 1670.9683834623847,
        "circ_id": "11",
        "circuit": [
            "0E4F190C4A6F7DDF7F8C9A7842B85B4BBCF5F44B",
            "A1FC8E424167AD70B6FA4953D9348BCD82CEB788",
            "5788CEC0A7C5EE251FC72C55730A6B1FCAEA1D93"
        ]
    },
    "5": {
        "timestamp": 1682808195.8992825,
        "total_time": 1.9395089149475098,
        "rtt": 0.3049583435058594,
        "latency": 0.198496,
        "ttfb": 0.330809,
        "throughput": 2335.8343582196894,
        "circ_id": "13",
        "circuit": [
            "6E1CEDC61F3707C549B88FB9380E4A750621FCB8",
            "68725D51274977209AB1ACFA552064E20754EC40",
            "CAFBF63652363A0495152C3CE47A491E7B35B4A5"
        ]
    },
    "6": {
        "timestamp": 1682808200.8466024,
        "total_time": 1.9802665710449219,
        "rtt": 0.30098438262939453,
        "latency": 0.309676,
        "ttfb": 0.714388,
        "throughput": 1081.9269216449768,
        "circ_id": "15",
        "circuit": [
            "19C3526819EE11B8636964F5F465A62EF4F62BF3",
            "C4ECD28A5BEA4DB85E0E17838A53B6903DAB4181",
            "1C7020213CEBC46299B77E42D498522B64C77E99"
        ]
    },
    "7": {
        "timestamp": 1682808205.8358107,
        "total_time": 1.5441792011260986,
        "rtt": 0.3006446361541748,
        "latency": 0.196761,
        "ttfb": 0.452146,
        "throughput": 1709.190047339921,
        "circ_id": "17",
        "circuit": [
            "F53169959223F5DF73A705FE7261F129DBA66545",
            "B6297E21BE60D730F894CCB4D850E4E75FBC78A0",
            "CAFBF63652363A0495152C3CE47A491E7B35B4A5"
        ]
    },
    "8": {
        "timestamp": 1682808210.3853292,
        "total_time": 1.7595973014831543,
        "rtt": 0.3015861511230469,
        "latency": 0.12625,
        "ttfb": 0.30457,
        "throughput": 2537.462865396294,
        "circ_id": "19",
        "circuit": [
            "91892720F9262CB37B91A7176D3D2280F7AF14BE",
            "017B08CC163424CD6ABA4ADD4042B4174D494732",
            "E97F58C06E7AA7175F9BE2A3C708325C03FB2FB1"
        ]
    },
    "9": {
        "timestamp": 1682808218.3524828,
        "total_time": 1.4954297542572021,
        "rtt": 0.3043222427368164,
        "latency": 0.201172,
        "ttfb": 0.327319,
        "throughput": 2361.0839605121687,
        "circ_id": "23",
        "circuit": [
            "DAC825BBF05D678ABDEA1C3086E8D99CF0BBF112",
            "31E3072BE2D7FEC5707F09C351612FE2B7AE48D5",
            "6A01150EAB04007E2E08D9C603B1467193805B06"
        ]
    },
    "10": {
        "timestamp": 1682808222.854479,
        "total_time": 1.7826964855194092,
        "rtt": 0.30106616020202637,
        "latency": 0.204495,
        "ttfb": 0.510774,
        "throughput": 1513.2443135880726,
        "circ_id": "25",
        "circuit": [
            "8FD3BAF5E14EBE1124D6253D59882AFE1C2B9B8E",
            "926955277C7BDB6CD1E1561A91847CBCD5B079E5",
            "3B43FB4F237EBE3570CB06B500CA1E8B46EEAFA1"
        ]
    },
    "11": {
        "timestamp": 1682808227.6450932,
        "total_time": 2.214646816253662,
        "rtt": 0.200547456741333,
        "latency": 1.123862,
        "ttfb": 1.328784,
        "throughput": 581.6814733321996,
        "circ_id": "27",
        "circuit": [
            "44B4C940A8421DD7ECE39E3CDF8C990AEA4E880E",
            "AE5663F25D87F60A948B02BFDE05E04B74B5221B",
            "0D12D8E72DED99EE31BB0C57789352BED0CEEEFF"
        ]
    },
    "12": {
        "timestamp": 1682808232.868444,
        "total_time": 1.8299713134765625,
        "rtt": 0.20227932929992676,
        "latency": 0.201926,
        "ttfb": 0.432994,
        "throughput": 1785.0256438677557,
        "circ_id": "29",
        "circuit": [
            "C0E4C6914B7C008D550E739D80BF2C3F51C909B2",
            "00C849D3FFB9D1B3AF22C0FC46D12170BD4AC7B7",
            "F08ED6AC7FB6E84DA41B80A6E71C7900E1C7C37F"
        ]
    },
    "13": {
        "timestamp": 1682808237.7051358,
        "total_time": 1.4736294746398926,
        "rtt": 0.19553303718566895,
        "latency": 0.307585,
        "ttfb": 0.51239,
        "throughput": 1508.3015120088508,
        "circ_id": "31",
        "circuit": [
            "1C5FFA33058D7A548AB6C88EEC4AB2F974B36065",
            "9F8787201D2BD769D740A4057190A74954471751",
            "4A531AA712A3DF0A90EB42711EEBE90B6918B37A"
        ]
    },
    "14": {
        "timestamp": 1682808242.1838408,
        "total_time": 1.9381775856018066,
        "rtt": 0.279712438583374,
        "latency": 0.196882,
        "ttfb": 0.330704,
        "throughput": 2336.907723888155,
        "circ_id": "33",
        "circuit": [
            "935B6EF0BF957F463B84CF8A7AE76E75FC7325CD",
            "04E96ED4C16CBED0D9E9AE6B979C21E842051687",
            "66C6755C0C3716989B4BA0AC6419D37DF3253753"
        ]
    },
    "15": {
        "timestamp": 1682808247.1291146,
        "total_time": 36.182798624038696,
        "rtt": 0.18000531196594238,
        "latency": 0.301054,
        "ttfb": 0.815778,
        "throughput": 947.4200269640888,
        "circ_id": "35",
        "circuit": [
            "761097D333D6A7749BE4B3EC8E93054BDEEB2449",
            "F77106EE3F366AD85C95B06996CCA7ABC66EC922",
            "64EEA511984F2C862F09E77755DC657EC31E6483"
        ]
    },
    "16": {
        "timestamp": 1682808286.3183565,
        "total_time": 1.1437315940856934,
        "rtt": 0.30674028396606445,
        "latency": 0.115609,
        "ttfb": 0.256365,
        "throughput": 3013.9977385269235,
        "circ_id": "37",
        "circuit": [
            "C0E4C6914B7C008D550E739D80BF2C3F51C909B2",
            "017B08CC163424CD6ABA4ADD4042B4174D494732",
            "2E7EFCF9BBE38211DC90BBB9F32FBEF612ACC490"
        ]
    },
    "17": {
        "timestamp": 1682808290.469603,
        "total_time": 1.7517483234405518,
        "rtt": 0.22144770622253418,
        "latency": 0.177762,
        "ttfb": 0.383725,
        "throughput": 2014.1590430008625,
        "circ_id": "39",