{
    "0": {
        "timestamp": 1682804352.2332077,
        "total_time": 1.6064879894256592,
        "rtt": 0.19763493537902832,
        "latency": 0.200491,
        "ttfb": 0.405394,
        "throughput": 1906.5189135061944,
        "circ_id": "4",
        "circuit": [
            "4E63FEBD059B4D1A38BC0325DE2A694883FD0E16",
            "B0AB68E38CF7D4CBD443162A1DEC8B633891352B",
            "2673930A22C0AEDF3FBE2C1416530A1378E6CA0E"
        ]
    },
    "1": {
        "timestamp": 1682804356.847949,
        "total_time": 2.41856050491333,
        "rtt": 0.6085953712463379,
        "latency": 0.302516,
        "ttfb": 1.018106,
        "throughput": 759.2074777516851,
        "circ_id": "6",
        "circuit": [
            "FDCFEA18CC64461455DE5EA3FC31834C6B42FEC7",
            "A76AEE2C3A724CC1CD05E1B06C948AC2512F4F33",
            "E9EFFF8F825DD636D2283CD20ADE436397F49FCF"
        ]
    },
    "2": {
        "timestamp": 1682804362.274464,
        "total_time": 2.0475480556488037,
        "rtt": 0.19749927520751953,
        "latency": 0.302767,
        "ttfb": 0.544078,
        "throughput": 1420.5850678683137,
        "circ_id": "8",
        "circuit": [
            "376DC7CAD597D3A4CBB651999CFAD0E77DC9AE8C",
            "52BFADA8BEAA01BA46C8F767F83C18E2FE50C1B9",
            "DC0380764E7D54DA2EDB0568FC126E725BA33087"
        ]
    },
    "3": {
        "timestamp": 1682804367.3279808,
        "total_time": 1.5636930465698242,
        "rtt": 0.20230388641357422,
        "latency": 0.197531,
        "ttfb": 0.399215,
        "throughput": 1935.4370256864793,
        "circ_id": "10",
        "circuit": [
            "7A2D44E76934D709CBF0E0AE8FEB132B61B6F35D",
            "7D3122BC15ED2F387108801EF14D8055EBE9F41D",
            "DEB0E711EDEB2348D192911EF6D0BEE627F2FFFF"
        ]
    },
    "4": {
        "timestamp": 1682804371.8995297,
        "total_time": 3.955944299697876,
        "rtt": 0.6097204685211182,
        "latency": 0.4055,
        "ttfb": 1.019923,
        "throughput": 757.8557681843716,
        "circ_id": "12",
        "circuit": [
            "F9246DEF2B653807236DA134F2AEAB103D58ABFE",
            "017B08CC163424CD6ABA4ADD4042B4174D494732",
            "780D50DCCD7F3C831E5E750F41866497C1263F76"
        ]
    },
    "5": {
        "timestamp": 1682804378.862063,
        "total_time": 2.216891288757324,
        "rtt": 0.17514824867248535,
        "latency": 0.204208,
        "ttfb": 0.6144,
        "throughput": 1257.9189496620868,
        "circ_id": "14",
        "circuit": [
            "C237392DC121DF50C64C707C3FB95055E68B00CA",
            "FA5C5A37D7B49D5DA036E6F234F89D8E14B95648",
            "A0E3D391B83CED2F264CD6D39525E37775EA1EEB"
        ]
    },
    "6": {
        "timestamp": 1682804384.0871608,
        "total_time": 2.214210271835327,
        "rtt": 0.27276039123535156,
        "latency": 0.64135,
        "ttfb": 0.948824,
        "throughput": 814.6077184344779,
        "circ_id": "16",
        "circuit": [
            "EFEDC3115EFE4BFA11FC59B9E68F86C65E21F5D5",
            "9F60B5EB62B5F7D01CA69794B4AFFDF73E261F0E",
            "1ECBD232827AB0A2481E274FE7FE396A26BE16DA"
        ]
    },
    "7": {
        "timestamp": 1682804389.3089833,
        "total_time": 2.2148544788360596,
        "rtt": 0.3353843688964844,
        "latency": 0.266485,
        "ttfb": 0.577285,
        "throughput": 1338.8248823981767,
        "circ_id": "18",
        "circuit": [
            "FC72167AB445AAC62AB7E9E0AFAB8A6590EC6433",
            "B0AB68E38CF7D4CBD443162A1DEC8B633891352B",
            "F08ED6AC7FB6E84DA41B80A6E71C7900E1C7C37F"
        ]
    },
    "8": {
        "timestamp": 1682804394.532049,
        "total_time": 1.907501220703125,
        "rtt": 0.30208587646484375,
        "latency": 0.210995,
        "ttfb": 0.610274,
        "throughput": 1266.5258687499079,
        "circ_id": "20",
        "circuit": [
            "58F3E2956EABB81F673E2FB90E16E001DB4AC3AE",
            "6859D71E3E1323F959F9E0559E83A9088C462684",
            "57337F05F8AD1368CE5A7990389BCC5305BA9DB2"
        ]
    },
    "9": {
        "timestamp": 1682804399.446621,
        "total_time": 2.21480655670166,
        "rtt": 0.3015861511230469,
        "latency": 0.520222,
        "ttfb": 0.918365,
        "throughput": 841.6426949116003,
        "circ_id": "22",
        "circuit": [
            "6C3A20880445D8C6214D063F7BE3D5F5C44C1EF0",
            "3595316EC9E9FC333C5B5B29B2DBE2C8A0584F92",
            "EBD2CBFE1D1101E5B8B138823CC21411F3953544"
        ]
    },
    "10": {
        "timestamp": 1682804404.667659,
        "total_time": 1.803243637084961,
        "rtt": 0.2982449531555176,
        "latency": 0.203036,
        "ttfb": 0.506771,
        "throughput": 1525.06091365551,
        "circ_id": "24",
        "circuit": [
            "30D11621BC49E2DA2DAB1F454B2BBA606B438496",
            "1F398E20EC8763FC2DD897BCDA37EE24C46069E6",
            "EEAF1607575A25FC203C8F0802EFD7378AF456A0"
        ]
    },
    "11": {
        "timestamp": 1682804409.4792087,
        "total_time": 1.9094483852386475,
        "rtt": 0.19909358024597168,
        "latency": 0.200711,
        "ttfb": 0.506864,
        "throughput": 1524.874390198194,
        "circ_id": "26",
        "circuit": [
            "1F2FC2214D63A90926D0A6837896F84A16F4DB60",
            "2901CF9FD867DD100B09D2267573F99E135E81B5",
            "1B18F98534634EF4EB4B36523F052F4D829E0496"
        ]
    },
    "12": {
        "timestamp": 1682804414.3969753,
        "total_time": 2.9345591068267822,
        "rtt": 0.2998204231262207,
        "latency": 1.226253,
        "ttfb": 1.332289,
        "throughput": 580.1521905060683,
        "circ_id": "28",
        "circuit": [
            "94F5629AE5F2DC409CD44668176597FF48296BA1",
            "6FA99E37157B0580413F696A714D84DE935BFE5B",
            "42E817BE07AB39CA3BD7A442AF08E007FF2E3F5B"
        ]
    },
    "13": {
        "timestamp": 1682804420.3396041,
        "total_time": 2.1085832118988037,
        "rtt": 0.3019571304321289,
        "latency": 0.407815,
        "ttfb": 0.919594,
        "throughput": 840.50151736076,
        "circ_id": "30",
        "circuit": [
            "875F74A3DC14737BECA06F8B500022154D1A29D1",
            "F29B0F1A91B55CCB7F6CDCA2A1D18C63571F766B",
            "57337F05F8AD1368CE5A7990389BCC5305BA9DB2"
        ]
    },
    "14": {
        "timestamp": 1682804425.4536698,
        "total_time": 1.3965201377868652,
        "rtt": 0.20021319389343262,
        "latency": 0.305281,
        "ttfb": 0.405856,
        "throughput": 1904.2410626305623,
        "circ_id": "32",
        "circuit": [
            "CB19C930356F4F321CC87E063EBDE473674F2F97",
            "27D50F277EEBC477576AD46A1BA31BE1DA6E2439",
            "37C25C1E9CA9F4872D536D084EDDA57F66B43435"
        ]
    },
    "15": {
        "timestamp": 1682804429.8592334,
        "total_time": 1.2904586791992188,
        "rtt": 0.40735840797424316,
        "latency": 0.201379,
        "ttfb": 0.506245,
        "throughput": 1526.7567578243813,
        "circ_id": "34",
        "circuit": [
            "94F5629AE5F2DC409CD44668176597FF48296BA1",
            "CA154F8252D8424F1F4EBF05965D3F33A98A71E3",
            "7B0AE27C640C15263DE3882E6B73BF7DAD2C29D3"
        ]
    },
    "16": {
        "timestamp": 1682804434.1551821,
        "total_time": 2.015354871749878,
        "rtt": 0.1921982765197754,
        "latency": 0.199478,
        "ttfb": 0.612403,
        "throughput": 1262.092330299196,
        "circ_id": "36",
        "circuit": [
            "118726A9D215ED4737E51BD073C0CD0ACA8CEFE3",
            "FA5C5A37D7B49D5DA036E6F234F89D8E14B95648",
            "E9D90C8EB14B206BAC4F05CB7740E530C46D48FA"
        ]
    },
    "17": {
        "timestamp": 1682804439.1780672,
        "total_time": 1.3953335285186768,
        "rtt": 0.20348596572875977,
        "latency": 0.202278,
        "ttfb": 0.304687,
        "throughput": 2536.1142005990873,
        "circ_id": "38",