{
    "0": {
        "timestamp": 1682812369.1738248,
        "total_time": 1.6330506801605225,
        "rtt": 0.30460047721862793,
        "latency": 0.304801,
        "ttfb": 0.510337,
        "throughput": 1514.4776619442914,
        "circ_id": "3",
        "circuit": [
            "DCAA176F75B04287131C6D78B7CFDDAC6F2691D9",
            "785DBB3C711E8E7E75DC81982FB20DCB0B18F1C8",
            "29AA617EE5AF59515F206CCE0BF06354CDAD1956"
        ]
    },
    "1": {
        "timestamp": 1682812502.0610278,
        "total_time": 1.556281328201294,
        "rtt": 0.17053747177124023,
        "latency": 0.20157,
        "ttfb": 0.611592,
        "throughput": 1263.7491989170667,
        "circ_id": "9",
        "circuit": [
            "F0CBCBA0CACE02550DAA822B94C5797DDC1FC78A",
            "F146DD71DEEBB6BB3D7A638CFFDC3BD43A75640D",
            "050A1245EEC76B7438337BAAF19F4AB0666B375F"
        ]
    },
    "2": {
        "timestamp": 1682812506.6238184,
        "total_time": 1.80899977684021,
        "rtt": 0.20228266716003418,
        "latency": 0.20384,
        "ttfb": 0.510587,
        "throughput": 1513.7925497123206,
        "circ_id": "11",
        "circuit": [
            "980B28A19B0A66948035A3FE143E5CF613C84122",
            "774A36D20AAA6E2A1265AB6E1FFC9B50C95872AB",
            "BEF35F8545AB34E6D5AF6D00D755F6A2F88A274D"
        ]
    },
    "3": {
        "timestamp": 1682812511.439873,
        "total_time": 1.1908650398254395,
        "rtt": 0.30440664291381836,
        "latency": 0.200007,
        "ttfb": 0.302727,
        "throughput": 2552.4439733594854,
        "circ_id": "13",
        "circuit": [
            "3116830C560796674785D6E7900986698171E150",
            "CE5ED345398CC02D573347C2F238F80B18E680EE",
            "4450272A319811EA024A58405876413F649C787A"
        ]
    },
    "4": {
        "timestamp": 1682812515.638084,
        "total_time": 2.314581871032715,
        "rtt": 0.24147319793701172,
        "latency": 0.195245,
        "ttfb": 0.566203,
        "throughput": 1365.0442712288225,
        "circ_id": "15",
        "circuit": [
            "4FFE84056F9CBAEC8D67E55107FA8FF1B638FA89",
            "1C84C89198911D0C8962AA65C3E4E6530075396E",
            "0E4616DEC4D8DCB0D54E15EE9DCB13A55D57F7F7"
        ]
    },
    "5": {
        "timestamp": 1682812520.9599144,
        "total_time": 1.8183186054229736,
        "rtt": 0.4470803737640381,
        "latency": 0.17257,
        "ttfb": 0.386232,
        "throughput": 2000.96294723981,
        "circ_id": "17",
        "circuit": [
            "32C1100B5EF19A5BFBB431E8D42781C2D09D31C3",
            "31EBFFD7BC38A74F1D6CA5B1779136E0A95DDEFC",
            "6C25767B7654E265683DF6612C423C0FA1290DA7"
        ]
    },
    "6": {
        "timestamp": 1682812529.7665977,
        "total_time": 1.2962148189544678,
        "rtt": 0.19757914543151855,
        "latency": 0.207586,
        "ttfb": 0.405197,
        "throughput": 1907.3798079295675,
        "circ_id": "21",
        "circuit": [
            "56927E61B51E6F363FB55498150A6DDFCF7077F2",
            "8D7ED7BBE21DFCD6FFC0B8D567BEB52219DEC797",
            "D1E753134A886C9472CDDE08D84990ABAD65FB76"
        ]
    },
    "7": {
        "timestamp": 1682812534.0696228,
        "total_time": 1.7008471488952637,
        "rtt": 0.20546197891235352,
        "latency": 0.296935,
        "ttfb": 0.606156,
        "throughput": 1275.0557527612461,
        "circ_id": "23",
        "circuit": [
            "02351FC88D0BF06F6CDE5452656641E6119DBD7E",
            "CEDF6F8F5E3F09D4E06D5A68F58D8B7E3ABE4C07",
            "96C7E57191B0807D0AAB94EE81BEF62C99FFF4D0"
        ]
    },
    "8": {
        "timestamp": 1682812538.7787771,
        "total_time": 1.1905796527862549,
        "rtt": 0.2004227638244629,
        "latency": 0.216106,
        "ttfb": 0.502877,
        "throughput": 1536.9259889611733,
        "circ_id": "25",
        "circuit": [
            "B50A98267A63713F37319D895EA1151C4B27BE4D",
            "4B02D746D96A5F80666F4A3B265C66F789D47BDD",
            "75BEAEF898D3602D71088F0773AD9178B859273E"
        ]
    },
    "9": {
        "timestamp": 1682812542.9758105,
        "total_time": 2.0113608837127686,
        "rtt": 0.40538954734802246,
        "latency": 0.329609,
        "ttfb": 0.608726,
        "throughput": 1269.6963076968564,
        "circ_id": "27",
        "circuit": [
            "53A5DB0FE692A273C94CA7F07EEFA988C980DF26",
            "9DA5284A51021A711ECAA677C81E5408222B9F2A",
            "E8CF570B4AB439D57A618B07B44667711A811828"
        ]
    },
    "10": {
        "timestamp": 1682812547.993395,
        "total_time": 1.720174789428711,
        "rtt": 0.31053614616394043,
        "latency": 0.194636,
        "ttfb": 0.413365,
        "throughput": 1869.5069628855706,
        "circ_id": "29",
        "circuit": [
            "19C3526819EE11B8636964F5F465A62EF4F62BF3",
            "8106D3D43FBD92D5D8EEBC3E5031B268FCDDC425",
            "5676A2A6F1E3E0BE858D1ABF8EA89F96B243CFFE"
        ]
    },
    "11": {
        "timestamp": 1682812552.7197306,
        "total_time": 1.3286190032958984,
        "rtt": 0.20356988906860352,
        "latency": 0.202758,
        "ttfb": 0.352789,
        "throughput": 2190.409802154706,
        "circ_id": "31",
        "circuit": [
            "117286A3F5DF7275F2EB1F28D8AAC72772D84939",
            "AF9011B98279B7E9FB9EC6176F1E08C48ED09228",
            "EB4854605CD1200C7EBFBE2DFC9782DC0A4F77FD"
        ]
    },
    "12": {
        "timestamp": 1682812557.0566173,
        "total_time": 1.3451690673828125,
        "rtt": 0.14485406875610352,
        "latency": 0.202393,
        "ttfb": 0.40537,
        "throughput": 1906.3214408140216,
        "circ_id": "33",
        "circuit": [
            "8F6A78B1EA917F2BF221E87D14361C050A70CCC3",
            "40B54CCB56D67432D169E693F0B258A0A97C5136",
            "5897522C8BCC886A59E3032125DDB1D33A156AB3"
        ]
    },
    "13": {
        "timestamp": 1682812561.4107766,
        "total_time": 1.3934133052825928,
        "rtt": 0.16396617889404297,
        "latency": 0.240183,
        "ttfb": 0.339817,
        "throughput": 2274.2116752672864,
        "circ_id": "35",
        "circuit": [
            "BE7F8AB71B3A8EF1C8964B3A80552E4C19C9B2A2",
            "629DE11D15B760521E1391B2D0722698FDC103DF",
            "06AFF403163AA2185034EBC984A2A2294998EDE5"
        ]
    },
    "14": {
        "timestamp": 1682812629.5813386,
        "total_time": 1.4246556758880615,
        "rtt": 0.30260348320007324,
        "latency": 0.200272,
        "ttfb": 0.405468,
        "throughput": 1906.1710128845323,
        "circ_id": "39",
        "circuit": [
            "42E4CD0A4BA555A4069A0589121A44BF0A009C6E",
            "AF9011B98279B7E9FB9EC6176F1E08C48ED09228",
            "E9EFFF8F825DD636D2283CD20ADE436397F49FCF"
        ]
    },
    "15": {
        "timestamp": 1682812634.0112503,
        "total_time": 1.4971799850463867,
        "rtt": 0.21928048133850098,
        "latency": 0.175293,
        "ttfb": 0.376863,
        "throughput": 2050.751455821295,
        "circ_id": "41",
        "circuit": [
            "B4E3546B058FEB655A6D8698D97C1459A2DF8E77",
            "6859D71E3E1323F959F9E0559E83A9088C462684",
            "1478757BB31BD11433041D24A4F754EF899DC379"
        ]
    },
    "16": {
        "timestamp": 1682812642.0272295,
        "total_time": 1.7017548084259033,
        "rtt": 0.17686057090759277,
        "latency": 0.201786,
        "ttfb": 0.326535,
        "throughput": 2366.8602817574165,
        "circ_id": "45",
        "circuit": [
            "37F8BB02E187ECA1314464E729489F1E98B45988",
            "B17D73C6AC1AA5D6A7EFAF538768BF354F2547AE",
            "1CF8984D7462ED1718F3F8D04F190EC5CF429FFE"
        ]
    },
    "17": {
        "timestamp": 1682812646.7367342,
        "total_time": 1.4825294017791748,
        "rtt": 0.3019998073577881,
        "latency": 0.30192,
        "ttfb": 0.414379,
        "throughput": 1865.027951292129,