{
    "0": {
        "timestamp": 1682813704.819874,
        "total_time": 1.5554442405700684,
        "rtt": 0.2315065860748291,
        "latency": 0.22827,
        "ttfb": 0.503537,
        "throughput": 1534.8477959148825,
        "circ_id": "3",
        "circuit": [
            "2717355D1ED1C421E3F8930F721BF2FDABA35CDA",
            "B771269758DC649748360BA8A2D13337F548AA21",
            "E9EFFF8F825DD636D2283CD20ADE436397F49FCF"
        ]
    },
    "1": {
        "timestamp": 1682813709.3802795,
        "total_time": 1.375028371810913,
        "rtt": 0.1997826099395752,
        "latency": 0.205745,
        "ttfb": 0.411031,
        "throughput": 1880.1290065232936,
        "circ_id": "5",
        "circuit": [
            "02351FC88D0BF06F6CDE5452656641E6119DBD7E",
            "B771269758DC649748360BA8A2D13337F548AA21",
            "5D17014B40C448DE04030533357199B3E3C4311F"
        ]
    },
    "2": {
        "timestamp": 1682813713.761408,
        "total_time": 1.636704921722412,
        "rtt": 0.30327653884887695,
        "latency": 0.197867,
        "ttfb": 0.542975,
        "throughput": 1423.452156907518,
        "circ_id": "7",
        "circuit": [
            "5D575ADD108DDBBF17E78AD8CB267D6C1F338206",
            "ED27E27D332AB216BD9DB454C90880E8F8314ACD",
            "8392CF7DD3E8B17685DDE98B0BC4E7391F727246"
        ]
    },
    "3": {
        "timestamp": 1682813718.405544,
        "total_time": 1.3607523441314697,
        "rtt": 0.20047378540039062,
        "latency": 0.100227,
        "ttfb": 0.506952,
        "throughput": 1559.9331851626887,
        "circ_id": "9",
        "circuit": [
            "E04861C32098EF38D6BB2AEFEC81095953FEF0ED",
            "CEDF6F8F5E3F09D4E06D5A68F58D8B7E3ABE4C07",
            "01F73DBD9B56C31E3D3AAEB95F8CF1DEB7D9A72F"
        ]
    },
    "4": {
        "timestamp": 1682813722.7713013,
        "total_time": 1.295738697052002,
        "rtt": 0.3058197498321533,
        "latency": 0.162739,
        "ttfb": 0.30442,
        "throughput": 2538.6545459322415,
        "circ_id": "11",
        "circuit": [
            "A22B1C2EF2255987F8AB8AA0B1A8E23F5023EEB8",
            "AF9011B98279B7E9FB9EC6176F1E08C48ED09228",
            "C7E37A4FF3196F375FD7BEF26823493C88855630"
        ]
    },
    "5": {
        "timestamp": 1682813727.0728097,
        "total_time": 1.3982582092285156,
        "rtt": 0.19863533973693848,
        "latency": 0.182252,
        "ttfb": 0.410769,
        "throughput": 1881.4011449043965,
        "circ_id": "13",
        "circuit": [
            "B4E3546B058FEB655A6D8698D97C1459A2DF8E77",
            "E0917901656ED5B363E4B5B1AFC56150B8857F5C",
            "209C8F817C662611D12A60EDE71078E23E17D1CD"
        ]
    },
    "6": {
        "timestamp": 1682813731.4779773,
        "total_time": 1.290477991104126,
        "rtt": 0.436769962310791,
        "latency": 0.171404,
        "ttfb": 0.375961,
        "throughput": 2055.566783317201,
        "circ_id": "15",
        "circuit": [
            "2717355D1ED1C421E3F8930F721BF2FDABA35CDA",
            "A6E4B97CA238DE7E8998D410FB6D2DED07B53509",
            "105F800FD30E637883A64EA64BC556E82C248A51"
        ]
    },
    "7": {
        "timestamp": 1682813735.7752748,
        "total_time": 1.2972581386566162,
        "rtt": 0.202254056930542,
        "latency": 0.234928,
        "ttfb": 0.409936,
        "throughput": 1885.1405563725311,
        "circ_id": "17",
        "circuit": [
            "5C124A27FFD658CB76165718DABFFD4093F5C827",
            "0F2E1CB5403A576FBABF8362764A225E454BA799",
            "1C7020213CEBC46299B77E42D498522B64C77E99"
        ]
    },
    "8": {
        "timestamp": 1682813740.0799701,
        "total_time": 1.7282047271728516,
        "rtt": 0.29728269577026367,
        "latency": 0.205471,
        "ttfb": 0.521272,
        "throughput": 1482.6863284044723,
        "circ_id": "19",
        "circuit": [
            "32C1100B5EF19A5BFBB431E8D42781C2D09D31C3",
            "CEDF6F8F5E3F09D4E06D5A68F58D8B7E3ABE4C07",
            "DA9ABAEA49FBF9E75E9EC020380E361688A3B23E"
        ]
    },
    "9": {
        "timestamp": 1682813744.8143196,
        "total_time": 1.2698440551757812,
        "rtt": 0.3059878349304199,
        "latency": 0.303169,
        "ttfb": 0.610206,
        "throughput": 1266.5466205488588,
        "circ_id": "21",
        "circuit": [
            "61866162CCDFE651B0D76AA57ECA90B9CC7C80DD",
            "F22A238894E85D2D25036553A4601961EBFC2F03",
            "8F744605199E75C26F74E818BDE50D9A7325EC94"
        ]
    },
    "10": {
        "timestamp": 1682813749.0910034,
        "total_time": 1.8027350902557373,
        "rtt": 0.4054708480834961,
        "latency": 0.206348,
        "ttfb": 0.401878,
        "throughput": 1923.1869671117613,
        "circ_id": "23",
        "circuit": [
            "861BCFDD148973985E7FE97C7455C9E4AC4E13BE",
            "AF9011B98279B7E9FB9EC6176F1E08C48ED09228",
            "E532D4BB9D10C717289561E03FACB2BF2F1096FE"
        ]
    },
    "11": {
        "timestamp": 1682813753.8987994,
        "total_time": 1.295982837677002,
        "rtt": 0.20338940620422363,
        "latency": 0.197386,
        "ttfb": 0.40194,
        "throughput": 1922.5364548228804,
        "circ_id": "25",
        "circuit": [
            "5F3B05B9A5575E614337AFA84DF04F526CD14C1B",
            "A6E4B97CA238DE7E8998D410FB6D2DED07B53509",
            "4589EF83937E303C4F4C085112F73061AB23A191"
        ]
    },
    "12": {
        "timestamp": 1682813758.20035,
        "total_time": 1.200716257095337,
        "rtt": 0.4021477699279785,
        "latency": 0.138318,
        "ttfb": 0.414051,
        "throughput": 1866.3608378101044,
        "circ_id": "27",
        "circuit": [
            "5C124A27FFD658CB76165718DABFFD4093F5C827",
            "41E041EC676622FFEE59F56BC75B99CD0D47F653",
            "050A1245EEC76B7438337BAAF19F4AB0666B375F"
        ]
    },
    "13": {
        "timestamp": 1682813762.4061368,
        "total_time": 1.7005794048309326,
        "rtt": 0.30289220809936523,
        "latency": 0.209095,
        "ttfb": 0.411192,
        "throughput": 1879.6581113448187,
        "circ_id": "29",
        "circuit": [
            "15BD2F4CD09F344E4098ED6B97773C52E24962C5",
            "E0917901656ED5B363E4B5B1AFC56150B8857F5C",
            "8C76967C2791E2709135846F172ED74AFA3C260E"
        ]
    },
    "14": {
        "timestamp": 1682813767.1118834,
        "total_time": 1.8077750205993652,
        "rtt": 0.27436304092407227,
        "latency": 0.232812,
        "ttfb": 0.499067,
        "throughput": 1548.4713602910244,
        "circ_id": "31",
        "circuit": [
            "049700B89D90486682F4F96B98C589F18731267D",
            "B771269758DC649748360BA8A2D13337F548AA21",
            "330A5D4F9D5D5326B9AAC12C339EB49279D60237"
        ]
    },
    "15": {
        "timestamp": 1682813836.3339598,
        "total_time": 1.1959452629089355,
        "rtt": 0.2003614902496338,
        "latency": 0.221939,
        "ttfb": 0.513321,
        "throughput": 1505.6603479575222,
        "circ_id": "35",
        "circuit": [
            "DB603D15336F59DBF6421B3BCBE786D54CE3FED3",
            "785DBB3C711E8E7E75DC81982FB20DCB0B18F1C8",
            "E9EFFF8F825DD636D2283CD20ADE436397F49FCF"
        ]
    },
    "16": {
        "timestamp": 1682813840.5351179,
        "total_time": 1.3976807594299316,
        "rtt": 0.20057320594787598,
        "latency": 0.201997,
        "ttfb": 0.406003,
        "throughput": 1903.673622176197,
        "circ_id": "37",
        "circuit": [
            "8F6A78B1EA917F2BF221E87D14361C050A70CCC3",
            "41E041EC676622FFEE59F56BC75B99CD0D47F653",
            "64EEA511984F2C862F09E77755DC657EC31E6483"
        ]
    },
    "17": {
        "timestamp": 1682813844.9397902,
        "total_time": 1.191565752029419,
        "rtt": 0.20137405395507812,
        "latency": 0.201676,
        "ttfb": 0.614092,
        "throughput": 1258.6829584422944,
        "circ_id": "39",