{
    "0": {
        "timestamp": 1682815012.8667784,
        "total_time": 1.1197011470794678,
        "rtt": 0.19798612594604492,
        "latency": 0.306708,
        "ttfb": 0.40715,
        "throughput": 1898.1855507070925,
        "circ_id": "3",
        "circuit": [
            "7C56BA2175839470ACAAB72E045DD6820764B733",
            "BA76A31AF4CCA7273A4613A975C1C5E059FE301D",
            "29AA617EE5AF59515F206CCE0BF06354CDAD1956"
        ]
    },
    "1": {
        "timestamp": 1682815016.9918697,
        "total_time": 1.809250831604004,
        "rtt": 0.20124530792236328,
        "latency": 0.201855,
        "ttfb": 0.611567,
        "throughput": 1263.8318466005703,
        "circ_id": "5",
        "circuit": [
            "A85182BA1AEBE09BF54F422310095E9B826E1324",
            "DB41FF1ECDE43FC17756FCE59F0FFDE9352D86B2",
            "105F800FD30E637883A64EA64BC556E82C248A51"
        ]
    },
    "2": {
        "timestamp": 1682815021.806868,
        "total_time": 1.5017836093902588,
        "rtt": 0.19990062713623047,
        "latency": 0.308071,
        "ttfb": 0.617067,
        "throughput": 1252.48512167577,
        "circ_id": "7",
        "circuit": [
            "F9975C17673E7B5C82B937E3BCFBE59EBAA4188E",
            "0F2E1CB5403A576FBABF8362764A225E454BA799",
            "06AFF403163AA2185034EBC984A2A2294998EDE5"
        ]
    },
    "3": {
        "timestamp": 1682815026.3155444,
        "total_time": 1.4957549571990967,
        "rtt": 0.3106839656829834,
        "latency": 0.19736,
        "ttfb": 0.40057,
        "throughput": 1929.239585101179,
        "circ_id": "9",
        "circuit": [
            "303509AB910EF207B7438C27435C4A2FD579F1B1",
            "0F2E1CB5403A576FBABF8362764A225E454BA799",
            "0BA1C8F26AFAD3FAEF3B6A228F97382D115027B9"
        ]
    },
    "4": {
        "timestamp": 1682815030.8193433,
        "total_time": 1.5390713214874268,
        "rtt": 0.2028217315673828,
        "latency": 0.200154,
        "ttfb": 0.550228,
        "throughput": 1404.5352133149213,
        "circ_id": "11",
        "circuit": [
            "133D3D8F3B7220A314BAF02A42A566E230234638",
            "14BA402FE00684C6DC6BF1BE314848B0982D4E56",
            "105F800FD30E637883A64EA64BC556E82C248A51"
        ]
    },
    "5": {
        "timestamp": 1682815035.3648884,
        "total_time": 1.4577302932739258,
        "rtt": 0.20187020301818848,
        "latency": 0.200782,
        "ttfb": 0.507663,
        "throughput": 1522.4687234109604,
        "circ_id": "13",
        "circuit": [
            "0439AB73BB2B8730FCB15B18252928FC0C2EDF91",
            "AF9011B98279B7E9FB9EC6176F1E08C48ED09228",
            "094619488F15ED623142CB40D42914FBEE1E61D6"
        ]
    },
    "6": {
        "timestamp": 1682815039.8276718,
        "total_time": 1.3236842155456543,
        "rtt": 0.11763739585876465,
        "latency": 0.188433,
        "ttfb": 0.318694,
        "throughput": 2424.664452160712,
        "circ_id": "15",
        "circuit": [
            "E04861C32098EF38D6BB2AEFEC81095953FEF0ED",
            "014BD09636373B78CC28BA70E36C7190E3DE236A",
            "1B52A354CCFB14BCD943552283A67020D602CB2B"
        ]
    },
    "7": {
        "timestamp": 1682815044.156447,
        "total_time": 1.1653337478637695,
        "rtt": 0.20171451568603516,
        "latency": 0.203023,
        "ttfb": 0.305308,
        "throughput": 2531.2725129347045,
        "circ_id": "17",
        "circuit": [
            "2717355D1ED1C421E3F8930F721BF2FDABA35CDA",
            "13809CC1C07828752A248CDBC81869C52E76BEBD",
            "0CA1B6BC906E5DD6F4CFE322B4BEFE7A17D42D52"
        ]
    },
    "8": {
        "timestamp": 1682815048.3267949,
        "total_time": 1.8047010898590088,
        "rtt": 0.30709195137023926,
        "latency": 0.202906,
        "ttfb": 0.609021,
        "throughput": 1269.0230328501307,
        "circ_id": "19",
        "circuit": [
            "9BD6765086E8F4B15D17F166F41911494ED78BDE",
            "448F821108ED29AA408F281625F66BE1D4BC19F4",
            "148D2B83BB7A601188BA3C6D5057D8F8A00C0E14"
        ]
    },
    "9": {
        "timestamp": 1682815116.685825,
        "total_time": 1.6958305835723877,
        "rtt": 0.29155898094177246,
        "latency": 0.20734,
        "ttfb": 0.440697,
        "throughput": 1753.792889084511,
        "circ_id": "23",
        "circuit": [
            "C1D4B670E8A6E614003DE75CECCD35ABE7C3997D",
            "41E041EC676622FFEE59F56BC75B99CD0D47F653",
            "105F800FD30E637883A64EA64BC556E82C248A51"
        ]
    },
    "10": {
        "timestamp": 1682815121.3878798,
        "total_time": 1.6516060829162598,
        "rtt": 0.1993863582611084,
        "latency": 0.199597,
        "ttfb": 0.507094,
        "throughput": 1524.1317575427763,
        "circ_id": "25",
        "circuit": [
            "AC7C0F9D57DADAD5D8F4568EE1543EF3E22A47CE",
            "41E041EC676622FFEE59F56BC75B99CD0D47F653",
            "0BA1C8F26AFAD3FAEF3B6A228F97382D115027B9"
        ]
    },
    "11": {
        "timestamp": 1682815126.0454912,
        "total_time": 1.7054016590118408,
        "rtt": 0.302201509475708,
        "latency": 0.271399,
        "ttfb": 0.508209,
        "throughput": 1520.6597263205936,
        "circ_id": "27",
        "circuit": [
            "C3ACB0492A644E27A549BC3CDF3B7A129186E3BF",
            "014BD09636373B78CC28BA70E36C7190E3DE236A",
            "26D384E24BBD1506616446622BE13232A649450F"
        ]
    },
    "12": {
        "timestamp": 1682815130.7591133,
        "total_time": 1.3920533657073975,
        "rtt": 0.20247793197631836,
        "latency": 0.203383,
        "ttfb": 0.40484,
        "throughput": 1909.1652280007606,
        "circ_id": "29",
        "circuit": [
            "1A81BEE054FE5C6225A0D58169D72924B26E2B59",
            "41E041EC676622FFEE59F56BC75B99CD0D47F653",
            "0BA1C8F26AFAD3FAEF3B6A228F97382D115027B9"
        ]
    },
    "13": {
        "timestamp": 1682815135.156167,
        "total_time": 1.1989529132843018,
        "rtt": 0.19855713844299316,
        "latency": 0.202367,
        "ttfb": 0.307253,
        "throughput": 2514.8761594294842,
        "circ_id": "31",
        "circuit": [
            "0C36AE99B744E32088C9ED23D7A31F8D23AE1A58",
            "830AEEB2AAEED24C618A88902E155E9BC71A68B8",
            "1B78106D1E5653070DA6FAA0F95EC653932F49B4"
        ]
    },
    "14": {
        "timestamp": 1682815139.3618839,
        "total_time": 1.493194341659546,
        "rtt": 0.3012275695800781,
        "latency": 0.20256,
        "ttfb": 0.610259,
        "throughput": 1266.5217184717194,
        "circ_id": "33",
        "circuit": [
            "8F6A78B1EA917F2BF221E87D14361C050A70CCC3",
            "B771269758DC649748360BA8A2D13337F548AA21",
            "050A1245EEC76B7438337BAAF19F4AB0666B375F"
        ]
    },
    "15": {
        "timestamp": 1682815143.8616378,
        "total_time": 1.8391437530517578,
        "rtt": 0.40601205825805664,
        "latency": 0.518862,
        "ttfb": 0.745604,
        "throughput": 1036.5793150798822,
        "circ_id": "35",
        "circuit": [
            "E04861C32098EF38D6BB2AEFEC81095953FEF0ED",
            "0F2E1CB5403A576FBABF8362764A225E454BA799",
            "148D2B83BB7A601188BA3C6D5057D8F8A00C0E14"
        ]
    },
    "16": {
        "timestamp": 1682815148.7058532,
        "total_time": 1.603224277496338,
        "rtt": 0.1970691680908203,
        "latency": 0.407705,
        "ttfb": 0.543388,
        "throughput": 1422.362557087708,
        "circ_id": "37",
        "circuit": [
            "9B5B3B5BC953E8BE5058072310FDD0F631FD868E",
            "774A36D20AAA6E2A1265AB6E1FFC9B50C95872AB",
            "06AFF403163AA2185034EBC984A2A2294998EDE5"
        ]
    },
    "17": {
        "timestamp": 1682815153.3144376,
        "total_time": 1.4664456844329834,
        "rtt": 0.20272302627563477,
        "latency": 0.23267,
        "ttfb": 0.609775,
        "throughput": 1267.5975500766626,
        "circ_id": "39",