{
    "0": {
        "timestamp": 1682805098.183372,
        "total_time": 1.3244521617889404,
        "rtt": 0.2992708683013916,
        "latency": 0.205377,
        "ttfb": 0.408999,
        "throughput": 1889.647518401451,
        "circ_id": "3",
        "circuit": [
            "A22B1C2EF2255987F8AB8AA0B1A8E23F5023EEB8",
            "021DDCD687FD505B7EA7E75DA6CEF0D778AA07FB",
            "99E152CDB12F5ABBE08C0A2EA5B126CD3F1FAC5F"
        ]
    },
    "1": {
        "timestamp": 1682805102.518134,
        "total_time": 2.1108970642089844,
        "rtt": 0.33176302909851074,
        "latency": 0.276894,
        "ttfb": 0.788749,
        "throughput": 979.9111868334418,
        "circ_id": "5",
        "circuit": [
            "5F3B05B9A5575E614337AFA84DF04F526CD14C1B",
            "F29B0F1A91B55CCB7F6CDCA2A1D18C63571F766B",
            "530277866466A1425F43A73DBFCB5FC7410C9852"
        ]
    },
    "2": {
        "timestamp": 1682805107.6351507,
        "total_time": 1.906304121017456,
        "rtt": 0.5062708854675293,
        "latency": 0.194191,
        "ttfb": 0.399025,
        "throughput": 1936.7220540778899,
        "circ_id": "7",
        "circuit": [
            "6997013CB77B6F530540332626C23ACFE52C5096",
            "C402144D3067AF9532C45278D14473DF05813D89",
            "2E7EFCF9BBE38211DC90BBB9F32FBEF612ACC490"
        ]
    },
    "3": {
        "timestamp": 1682805112.547307,
        "total_time": 1.500462293624878,
        "rtt": 0.1660623550415039,
        "latency": 0.232732,
        "ttfb": 0.435726,
        "throughput": 1773.745356252051,
        "circ_id": "9",
        "circuit": [
            "920FF090D8A853946E407241916F6CAE890BF625",
            "C2503E16AB12C130788D4E2FBCE463E094892D7A",
            "1135DE744C137A47DE984E5E0E3AB73FAE606237"
        ]
    },
    "4": {
        "timestamp": 1682805117.0568337,
        "total_time": 1.704451560974121,
        "rtt": 0.30125856399536133,
        "latency": 0.196008,
        "ttfb": 0.506907,
        "throughput": 1524.7179863465747,
        "circ_id": "11",
        "circuit": [
            "F12F8DFDDE1969D4E5940781E3DAB326D28C1220",
            "E7960A464C1E767D0A8B766C41A7DCFDB1E4B297",
            "2B97302BE55CA8F31415805C1CD2A479B2DD1487"
        ]
    },
    "5": {
        "timestamp": 1682805121.7695296,
        "total_time": 1.5075514316558838,
        "rtt": 0.1977691650390625,
        "latency": 0.200135,
        "ttfb": 0.313167,
        "throughput": 2467.2837535908075,
        "circ_id": "13",
        "circuit": [
            "9BD0EE79BB9878DD6D8D8EA2A288D5E301E5C136",
            "017B08CC163424CD6ABA4ADD4042B4174D494732",
            "646543B979FCA3B1433C833F9B6C7C9130403FD5"
        ]
    },
    "6": {
        "timestamp": 1682805126.2838576,
        "total_time": 1.831484079360962,
        "rtt": 0.4041321277618408,
        "latency": 0.297743,
        "ttfb": 0.439118,
        "throughput": 1759.8218777959653,
        "circ_id": "15",
        "circuit": [
            "91B7A9659CDB5ACF0DEB46DAA82C122C39CC4ADF",
            "0CA3F4D95BCF24964FC4623588A3F17E2EE216DE",
            "35D56293B6D7DEE2A43E91D87EBA33120B649D9E"
        ]
    },
    "7": {
        "timestamp": 1682805131.1244469,
        "total_time": 1.6626687049865723,
        "rtt": 0.27561068534851074,
        "latency": 0.198562,
        "ttfb": 0.40092,
        "throughput": 1927.7913695798015,
        "circ_id": "17",
        "circuit": [
            "49DC222A7494AEF8E7DBF2E3CAABF23504C77B64",
            "04E96ED4C16CBED0D9E9AE6B979C21E842051687",
            "530277866466A1425F43A73DBFCB5FC7410C9852"
        ]
    },
    "8": {
        "timestamp": 1682805135.795477,
        "total_time": 1.8068411350250244,
        "rtt": 0.23306822776794434,
        "latency": 0.270763,
        "ttfb": 0.475395,
        "throughput": 1625.8213237088078,
        "circ_id": "19",
        "circuit": [
            "4F683B5B4F9A69F06AD9E83131B4678D4F1DDF78",
            "41E041EC676622FFEE59F56BC75B99CD0D47F653",
            "88502F7FC48F33D97EE5E795082B159FBF044A72"
        ]
    },
    "9": {
        "timestamp": 1682805140.610132,
        "total_time": 2.7366602420806885,
        "rtt": 0.3006401062011719,
        "latency": 0.303002,
        "ttfb": 0.414946,
        "throughput": 1862.5114750464425,
        "circ_id": "21",
        "circuit": [
            "B52B604C8B67C68F068F7A46746D35B3CE82BEE5",
            "68D2ABD936233A569E2B46D6228816149A16B4FA",
            "35D56293B6D7DEE2A43E91D87EBA33120B649D9E"
        ]
    },
    "10": {
        "timestamp": 1682805146.3541567,
        "total_time": 1.6909306049346924,
        "rtt": 0.19745087623596191,
        "latency": 0.298274,
        "ttfb": 0.503361,
        "throughput": 1535.4331490681132,
        "circ_id": "23",
        "circuit": [
            "2AA5F598F9A1812F01CD99E3B59BB87362ED7438",
            "FCE0C05F7E2D0B825FA0FD2A37BA5BAE3C3D6E13",
            "78F3E286F1CA31E9C8F62F7AF37C44DF5C987BF9"
        ]
    },
    "11": {
        "timestamp": 1682805151.0529783,
        "total_time": 1.9107208251953125,
        "rtt": 0.29980993270874023,
        "latency": 0.200563,
        "ttfb": 0.508579,
        "throughput": 1519.6701942150305,
        "circ_id": "25",
        "circuit": [
            "05475D946B748E1204F4D9AA44004575DB2A3CA7",
            "088A6237EED87EDEB0E1E3AD0A4A419F963F0787",
            "646543B979FCA3B1433C833F9B6C7C9130403FD5"
        ]
    },
    "12": {
        "timestamp": 1682805155.9719176,
        "total_time": 1.8053600788116455,
        "rtt": 0.20064687728881836,
        "latency": 0.404482,
        "ttfb": 0.508463,
        "throughput": 1520.049711328205,
        "circ_id": "27",
        "circuit": [
            "B143D439B72D239A419F8DCE07B8A8EB1B486FA7",
            "F2E69C8CFB4C947CDD5338402C16A25AFC86EFBD",
            "0614FAC2AE0D11863753F20661F6A105E0A89113"
        ]
    },
    "13": {
        "timestamp": 1682805160.7857661,
        "total_time": 2.8269426822662354,
        "rtt": 0.2990996837615967,
        "latency": 1.330747,
        "ttfb": 1.739676,
        "throughput": 444.3070075204565,
        "circ_id": "29",
        "circuit": [
            "AE5BFD2CFA3FEF7B91067BE1FCB20B62CD3B6BE2",
            "D206EE22AA1AAF9890F6A04B281E774EF91FE6B3",
            "0D5AA7C0C53B65EBE9CE3A4093CBAF2319C45271"
        ]
    },
    "14": {
        "timestamp": 1682805166.6214178,
        "total_time": 1.803847074508667,
        "rtt": 0.4057767391204834,
        "latency": 0.213226,
        "ttfb": 0.509174,
        "throughput": 1517.9691811017744,
        "circ_id": "31",
        "circuit": [
            "3A9BEEF5A9B5862152A807B80FA8DCB91D15B46A",
            "A6E4B97CA238DE7E8998D410FB6D2DED07B53509",
            "AACD4E09E65BA18CAF35FBC855EF659505B36E9E"
        ]
    },
    "15": {
        "timestamp": 1682805171.431992,
        "total_time": 1.604069709777832,
        "rtt": 0.22252511978149414,
        "latency": 0.162193,
        "ttfb": 0.368363,
        "throughput": 2097.903995787908,
        "circ_id": "33",
        "circuit": [
            "A066E7983758C7CC0097E16ACF4F7B71BAFA44E9",
            "021DDCD687FD505B7EA7E75DA6CEF0D778AA07FB",
            "06AFF403163AA2185034EBC984A2A2294998EDE5"
        ]
    },
    "16": {
        "timestamp": 1682805176.0428233,
        "total_time": 2.2148585319519043,
        "rtt": 0.303447961807251,
        "latency": 0.305887,
        "ttfb": 0.819048,
        "throughput": 943.6323129978332,
        "circ_id": "35",
        "circuit": [
            "4623A9EC53BFD83155929E56D6F7B55B5E718C24",
            "B0AB68E38CF7D4CBD443162A1DEC8B633891352B",
            "E0DAC558043E9808D41B00DA4485E3BC0BDAC0D7"
        ]
    },
    "17": {
        "timestamp": 1682805181.2679646,
        "total_time": 1.4062349796295166,
        "rtt": 0.20232152938842773,
        "latency": 0.300309,
        "ttfb": 0.420255,
        "throughput": 1839.0399878190367,
        "circ_id": "37",