{
    "0": {
        "timestamp": 1682807952.3621635,
        "total_time": 1.7384142875671387,
        "rtt": 0.30314111709594727,
        "latency": 0.201287,
        "ttfb": 0.405728,
        "throughput": 1904.686810844641,
        "circ_id": "4",
        "circuit": [
            "60AEEA23A85B83A407312B560A60482A501A6B89",
            "ED27E27D332AB216BD9DB454C90880E8F8314ACD",
            "A926FD90B7E867DF733FB5A335E884F9686584AD"
        ]
    },
    "1": {
        "timestamp": 1682807957.1086974,
        "total_time": 1.7020864486694336,
        "rtt": 0.30330705642700195,
        "latency": 0.301613,
        "ttfb": 0.507415,
        "throughput": 1523.2217420690988,
        "circ_id": "6",
        "circuit": [
            "D75510F5C9F356554AA47B3FB2283DA479B47574",
            "CD6E8C548704F4CE544CD71365D46F110518FBED",
            "A3389B5CCACB850B45148895B26AC912B7EC9CB6"
        ]
    },
    "2": {
        "timestamp": 1682807961.81749,
        "total_time": 1.8058152198791504,
        "rtt": 0.3069729804992676,
        "latency": 0.196463,
        "ttfb": 0.400483,
        "throughput": 1929.8753694974835,
        "circ_id": "8",
        "circuit": [
            "6A84C1DB4C50934A57E13FC7F93EA5217BA0DAB6",
            "01F2BF8CBD0BA82B5354D01BE4AF249C2C73B038",
            "E532D4BB9D10C717289561E03FACB2BF2F1096FE"
        ]
    },
    "3": {
        "timestamp": 1682807966.6305208,
        "total_time": 1.9094066619873047,
        "rtt": 0.20602059364318848,
        "latency": 0.192311,
        "ttfb": 0.503014,
        "throughput": 1536.5624335332386,
        "circ_id": "10",
        "circuit": [
            "14BE32AAACB9E7F0BCAFADC15986D787B1325BB6",
            "E0917901656ED5B363E4B5B1AFC56150B8857F5C",
            "8029928877A15A504D92996C65BFD4F0BDF4E702"
        ]
    },
    "4": {
        "timestamp": 1682807971.5483994,
        "total_time": 1.8005115985870361,
        "rtt": 0.30588865280151367,
        "latency": 0.201827,
        "ttfb": 0.403277,
        "throughput": 1916.1979459746208,
        "circ_id": "12",
        "circuit": [
            "D56A98D38FC3C75E0347EEF3DD9C12749AF7C7C5",
            "4E8FCF9D0C137BE95052B1A98DD317F5F9DB74A9",
            "848FB87A99BB982B44162A4052013A2CD42E06EF"
        ]
    },
    "5": {
        "timestamp": 1682807976.3553083,
        "total_time": 1.809586524963379,
        "rtt": 0.20251011848449707,
        "latency": 0.404465,
        "ttfb": 0.510165,
        "throughput": 1515.0416391456968,
        "circ_id": "14",
        "circuit": [
            "44DC23661E05DEFD94398936D9334987ABCB6E5E",
            "33B64E8AF7602AE41512E8ABF0ED814B4FDBB919",
            "9EAD5B2D3DBD96DBC80DCE423B0C345E920A758D"
        ]
    },
    "6": {
        "timestamp": 1682807981.1728168,
        "total_time": 1.4964425563812256,
        "rtt": 0.19799184799194336,
        "latency": 0.199367,
        "ttfb": 0.404279,
        "throughput": 1911.672329965031,
        "circ_id": "16",
        "circuit": [
            "D8056CAD4A3D6EE7D82748027474BF5C53E569D9",
            "FCE0C05F7E2D0B825FA0FD2A37BA5BAE3C3D6E13",
            "CAFBF63652363A0495152C3CE47A491E7B35B4A5"
        ]
    },
    "7": {
        "timestamp": 1682807985.6782374,
        "total_time": 2.009035348892212,
        "rtt": 0.2434988021850586,
        "latency": 0.363964,
        "ttfb": 0.66856,
        "throughput": 1156.0624483099502,
        "circ_id": "18",
        "circuit": [
            "67A54EDB7DADDBBC1E8A07F1EF82364BDAA896B7",
            "C57A8B0C2DAE933916398359EC4DCC53D4FF329B",
            "721E783DF3DDED8D26D16A04EA700AD86C184D2D"
        ]
    },
    "8": {
        "timestamp": 1682807990.692807,
        "total_time": 1.8079032897949219,
        "rtt": 0.17026972770690918,
        "latency": 0.227738,
        "ttfb": 0.508744,
        "throughput": 1519.1863607330615,
        "circ_id": "20",
        "circuit": [
            "F0F5074A6DADD3DC22E1FAA18FD6D89CBC52771A",
            "75A931404453030821C547A4FAA9094A06C48C7A",
            "E532D4BB9D10C717289561E03FACB2BF2F1096FE"
        ]
    },
    "9": {
        "timestamp": 1682807995.50567,
        "total_time": 1.4970405101776123,
        "rtt": 0.19920992851257324,
        "latency": 0.302612,
        "ttfb": 0.504705,
        "throughput": 1531.2449239131727,
        "circ_id": "22",
        "circuit": [
            "A8A2FD93B62126CDA2A3597AD17AE9CC81174C69",
            "B6297E21BE60D730F894CCB4D850E4E75FBC78A0",
            "8029928877A15A504D92996C65BFD4F0BDF4E702"
        ]
    },
    "10": {
        "timestamp": 1682808000.0076551,
        "total_time": 2.6324188709259033,
        "rtt": 0.19992303848266602,
        "latency": 0.612204,
        "ttfb": 1.126166,
        "throughput": 686.353376982922,
        "circ_id": "24",
        "circuit": [
            "F6740DEABFD5F62612FA025A5079EA72846B1F67",
            "819374FFCB0184491FC1B3A8C7745C4D5ABFEDEC",
            "EBA0FFA5799A9B9D79A3BE2DBD601E301ACFB087"
        ]
    },
    "11": {
        "timestamp": 1682808005.6454875,
        "total_time": 1.1906952857971191,
        "rtt": 0.20563173294067383,
        "latency": 0.201929,
        "ttfb": 0.50344,
        "throughput": 1535.0855417978175,
        "circ_id": "26",
        "circuit": [
            "D56A98D38FC3C75E0347EEF3DD9C12749AF7C7C5",
            "6185F79ACE94EE31867DD017E4E6709B914EF0BB",
            "6624E6E0C57A63B686D45150787DD56C3D9EE8A8"
        ]
    },
    "12": {
        "timestamp": 1682808009.8418477,
        "total_time": 1.7018287181854248,
        "rtt": 0.29733705520629883,
        "latency": 0.194473,
        "ttfb": 0.407193,
        "throughput": 1898.041064474466,
        "circ_id": "28",
        "circuit": [
            "9A783CAA9DABA178D9864471E9287045CBFDC726",
            "B5168D25AE4EB439A7C1B80367B890400ACE0A7F",
            "E785813FBBD352664BC1F133CE31A54EF596C5BD"
        ]
    },
    "13": {
        "timestamp": 1682808014.5491605,
        "total_time": 1.8097939491271973,
        "rtt": 0.3020017147064209,
        "latency": 0.197295,
        "ttfb": 0.5075,
        "throughput": 1522.9216453858235,
        "circ_id": "30",
        "circuit": [
            "FD79B7F9230858B48E75F389661840C702511078",
            "C402144D3067AF9532C45278D14473DF05813D89",
            "4589EF83937E303C4F4C085112F73061AB23A191"
        ]
    },
    "14": {
        "timestamp": 1682808019.3644872,
        "total_time": 2.0494258403778076,
        "rtt": 0.1980743408203125,
        "latency": 0.20257,
        "ttfb": 0.547719,
        "throughput": 1411.0912134471698,
        "circ_id": "32",
        "circuit": [
            "B9F69F144DF5BE2FD92DDBF9E67C659ECC5E539B",
            "68D2ABD936233A569E2B46D6228816149A16B4FA",
            "99066F3D81E12BB5A5F3AC5241FCA52B685DCFB4"
        ]
    },
    "15": {
        "timestamp": 1682808024.4172904,
        "total_time": 1.9989078044891357,
        "rtt": 0.1965036392211914,
        "latency": 0.198936,
        "ttfb": 0.428977,
        "throughput": 1801.5372496375949,
        "circ_id": "34",
        "circuit": [
            "AF2B014CBE98D2E66B288323B47F2E8DDDD9904E",
            "221F035A330AC4231A2E3D901F1CB11483C19F66",
            "18F81FA0CF19C9103FB11BF626A980CB9CD4AFEF"
        ]
    },
    "16": {
        "timestamp": 1682808029.4243824,
        "total_time": 1.7798824310302734,
        "rtt": 0.21217656135559082,
        "latency": 0.291496,
        "ttfb": 0.596626,
        "throughput": 1295.3606649406363,
        "circ_id": "36",
        "circuit": [
            "4FFE84056F9CBAEC8D67E55107FA8FF1B638FA89",
            "FAD8CB4C7CFBF38E37E26164C47B13624417B3D7",
            "9A3076C5EB8D85150B6CA6AB81F9D3579091659A"
        ]
    },
    "17": {
        "timestamp": 1682808034.2105176,
        "total_time": 1.091597318649292,
        "rtt": 0.2995767593383789,
        "latency": 0.305989,
        "ttfb": 0.509889,
        "throughput": 1515.8319132622544,