{
    "0": {
        "timestamp": 1682804946.5221229,
        "total_time": 1.9632623195648193,
        "rtt": 0.3049643039703369,
        "latency": 0.306012,
        "ttfb": 0.633463,
        "throughput": 1220.103132650307,
        "circ_id": "3",
        "circuit": [
            "1F2FC2214D63A90926D0A6837896F84A16F4DB60",
            "2EC34ECA8B5CDB181DED6948D8323199A6BBD5EC",
            "C7E37A4FF3196F375FD7BEF26823493C88855630"
        ]
    },
    "1": {
        "timestamp": 1682804951.4919915,
        "total_time": 1.5811963081359863,
        "rtt": 0.19790315628051758,
        "latency": 0.121962,
        "ttfb": 0.308174,
        "throughput": 2507.696649808111,
        "circ_id": "5",
        "circuit": [
            "CD39C258265B25EAA4ABA4FDCB2DF98104CAA362",
            "CB6F07BB3D81A32EF2569FC4E0511E36BF24C034",
            "3DE791841B38F2071450E0FBFD3B41E067267F32"
        ]
    },
    "2": {
        "timestamp": 1682804956.0784123,
        "total_time": 1.8356564044952393,
        "rtt": 0.30266571044921875,
        "latency": 0.205324,
        "ttfb": 0.332164,
        "throughput": 2326.57532927211,
        "circ_id": "7",
        "circuit": [
            "BFC4044119080D8BEE70218978EE83C3FC16AE7A",
            "7AD1567CEDFD7A1CD8049079A7D86EB9D293AC49",
            "D04317BF5C7694CE5914E17CBECFAAC88348579D"
        ]
    },
    "3": {
        "timestamp": 1682804960.9203613,
        "total_time": 1.5175464153289795,
        "rtt": 0.18984031677246094,
        "latency": 0.3044,
        "ttfb": 0.556159,
        "throughput": 1389.5355212376032,
        "circ_id": "9",
        "circuit": [
            "920FF090D8A853946E407241916F6CAE890BF625",
            "2EC34ECA8B5CDB181DED6948D8323199A6BBD5EC",
            "DC0380764E7D54DA2EDB0568FC126E725BA33087"
        ]
    },
    "4": {
        "timestamp": 1682804965.4436524,
        "total_time": 1.767228126525879,
        "rtt": 0.3052356243133545,
        "latency": 0.201992,
        "ttfb": 0.413479,
        "throughput": 1869.2447574092703,
        "circ_id": "11",
        "circuit": [
            "05C32C5EE14454E0C4CD81DAE0F3DC32F729DA4B",
            "132F529D2860B0DD4E7C272ED23DFE7E2FDEE2A3",
            "8C76967C2791E2709135846F172ED74AFA3C260E"
        ]
    },
    "5": {
        "timestamp": 1682804970.216559,
        "total_time": 1.9028186798095703,
        "rtt": 0.4316577911376953,
        "latency": 0.205323,
        "ttfb": 0.307446,
        "throughput": 2513.6576482830383,
        "circ_id": "13",
        "circuit": [
            "46DB04323499DD535956531DF2BF7B03EB2AB15D",
            "2EC34ECA8B5CDB181DED6948D8323199A6BBD5EC",
            "4C6FDAF59FFF2E62BA3C8709ED82008045027D95"
        ]
    },
    "6": {
        "timestamp": 1682804975.12471,
        "total_time": 1.1934916973114014,
        "rtt": 0.202056884765625,
        "latency": 0.203267,
        "ttfb": 0.305703,
        "throughput": 2528.002616302837,
        "circ_id": "15",
        "circuit": [
            "BD2BC415D5D8AE3C34430E70EC82CF3B0C61BDDF",
            "819374FFCB0184491FC1B3A8C7745C4D5ABFEDEC",
            "D5C4D888D80F0D5BE98A672B5E10B78EA5D5D5F2"
        ]
    },
    "7": {
        "timestamp": 1682804979.323838,
        "total_time": 1.7051074504852295,
        "rtt": 0.3055572509765625,
        "latency": 0.199053,
        "ttfb": 0.611878,
        "throughput": 1263.2122523417634,
        "circ_id": "17",
        "circuit": [
            "5D575ADD108DDBBF17E78AD8CB267D6C1F338206",
            "3A63820A01459135D2A66188278199130F6B0015",
            "D5C4D888D80F0D5BE98A672B5E10B78EA5D5D5F2"
        ]
    },
    "8": {
        "timestamp": 1682804984.0348573,
        "total_time": 1.909186601638794,
        "rtt": 0.2667381763458252,
        "latency": 0.239703,
        "ttfb": 0.444548,
        "throughput": 1738.4889764505588,
        "circ_id": "19",
        "circuit": [
            "5DB9AE27A44EB7B476CC04A66C67A71C97A001E6",
            "7600680249A22080ECC6173FBBF64D6FCF330A61",
            "8392CF7DD3E8B17685DDE98B0BC4E7391F727246"
        ]
    },
    "9": {
        "timestamp": 1682804988.9506774,
        "total_time": 2.011139392852783,
        "rtt": 0.4076406955718994,
        "latency": 0.203796,
        "ttfb": 0.509133,
        "throughput": 1517.930430479572,
        "circ_id": "21",
        "circuit": [
            "8284C8A45D22F2981C4B6287C7FB4367116E7CCE",
            "799ECF332DECA02C49DE21FF022F7E2DBECDA771",
            "209C8F817C662611D12A60EDE71078E23E17D1CD"
        ]
    },
    "10": {
        "timestamp": 1682804993.9688818,
        "total_time": 1.8032965660095215,
        "rtt": 0.3017387390136719,
        "latency": 0.230153,
        "ttfb": 0.407172,
        "throughput": 1897.9198994323428,
        "circ_id": "23",
        "circuit": [
            "CE9003208A047960246052C604A213C3BF096F61",
            "7600680249A22080ECC6173FBBF64D6FCF330A61",
            "67B751FF156E76F6B715BDBA2F23CF2D3BE43CFA"
        ]
    },
    "11": {
        "timestamp": 1682804998.7783089,
        "total_time": 1.809056043624878,
        "rtt": 0.40848278999328613,
        "latency": 0.302431,
        "ttfb": 0.712202,
        "throughput": 1085.279371689231,
        "circ_id": "25",
        "circuit": [
            "93030C201E251DCA9B632142DD678B8E63EAC9B5",
            "CB6F07BB3D81A32EF2569FC4E0511E36BF24C034",
            "18F81FA0CF19C9103FB11BF626A980CB9CD4AFEF"
        ]
    },
    "12": {
        "timestamp": 1682805003.5944574,
        "total_time": 3.956200361251831,
        "rtt": 2.2838377952575684,
        "latency": 0.270396,
        "ttfb": 0.577015,
        "throughput": 1339.5232129148753,
        "circ_id": "27",
        "circuit": [
            "D8F4634366466972842F5102FE44738326E43DF0",
            "58A2A0E849E9E3692F7B136223507E93CB099150",
            "18F81FA0CF19C9103FB11BF626A980CB9CD4AFEF"
        ]
    },
    "13": {
        "timestamp": 1682805010.5570176,
        "total_time": 1.8066258430480957,
        "rtt": 0.20016908645629883,
        "latency": 0.205832,
        "ttfb": 0.410427,
        "throughput": 1883.1841159632133,
        "circ_id": "29",
        "circuit": [
            "B3D398B386FAF2CB78B447FBA46BF2648C3F48CD",
            "27D50F277EEBC477576AD46A1BA31BE1DA6E2439",
            "18F81FA0CF19C9103FB11BF626A980CB9CD4AFEF"
        ]
    },
    "14": {
        "timestamp": 1682805015.3686383,
        "total_time": 1.8089261054992676,
        "rtt": 0.18736767768859863,
        "latency": 0.305939,
        "ttfb": 0.510728,
        "throughput": 1513.3776317695751,
        "circ_id": "31",
        "circuit": [
            "9EEE861CD8A5FE26A1F276879323172F5B91082C",
            "2848309FCE708D38DFEDB8BF34D2DE5433E24C43",
            "75CC6045FF35DB0A5215E054D552970A8B5161CD"
        ]
    },
    "15": {
        "timestamp": 1682805020.1824887,
        "total_time": 1.9096453189849854,
        "rtt": 0.21668529510498047,
        "latency": 0.188336,
        "ttfb": 0.598218,
        "throughput": 1292.0436520207197,
        "circ_id": "33",
        "circuit": [
            "99EC64FE9EF0E0ECEC3E125A2327C2779C1E7947",
            "41C5E9CB0A09308C5FE83EC77CC5FC012CA69C7D",
            "CD1FD2C1F330A3293DA6068E6A23866D063D6DCB"
        ]
    },
    "16": {
        "timestamp": 1682805025.0985153,
        "total_time": 2.6255900859832764,
        "rtt": 0.3212118148803711,
        "latency": 0.615052,
        "ttfb": 1.024293,
        "throughput": 754.6293042181143,
        "circ_id": "35",
        "circuit": [
            "8BF4E024210FF5DB1D7A4AFEBE11B48C73BFE779",
            "F29B0F1A91B55CCB7F6CDCA2A1D18C63571F766B",
            "105F800FD30E637883A64EA64BC556E82C248A51"
        ]
    },
    "17": {
        "timestamp": 1682805030.7291853,
        "total_time": 1.808290719985962,
        "rtt": 0.208420991897583,
        "latency": 0.221372,
        "ttfb": 0.502082,
        "throughput": 1539.193685522619,
        "circ_id": "37",