{
    "0": {
        "timestamp": 1682811283.2641609,
        "total_time": 1.9386653900146484,
        "rtt": 0.4083256721496582,
        "latency": 0.20039,
        "ttfb": 0.506286,
        "throughput": 1526.5758488986141,
        "circ_id": "3",
        "circuit": [
            "C0E4C6914B7C008D550E739D80BF2C3F51C909B2",
            "873C5AC9DCFBA2C852EB1EF4DB08EAAB472DB31B",
            "BDD483C1AFFF86711BEAB5565E88644B4349A0DA"
        ]
    },
    "1": {
        "timestamp": 1682811288.2108243,
        "total_time": 2.72715163230896,
        "rtt": 0.507774829864502,
        "latency": 0.609515,
        "ttfb": 1.019463,
        "throughput": 758.2021682816471,
        "circ_id": "5",
        "circuit": [
            "409FDB0A3CEAA4FF20F4B8FA7F52AB0DE4338F56",
            "9F8787201D2BD769D740A4057190A74954471751",
            "563066FD3957D31AAF7860DD6A889EA1044888D4"
        ]
    },
    "2": {
        "timestamp": 1682811293.9441879,
        "total_time": 1.2945258617401123,
        "rtt": 0.20188283920288086,
        "latency": 0.203738,
        "ttfb": 0.406674,
        "throughput": 1900.2059990462096,
        "circ_id": "7",
        "circuit": [
            "CB1EC403A7331FE26F218D178DF8908014CC4F65",
            "CFD2895204AEAA82434363B55D9537B88CE6DEFD",
            "1B18F98534634EF4EB4B36523F052F4D829E0496"
        ]
    },
    "3": {
        "timestamp": 1682811298.2467709,
        "total_time": 1.7000892162322998,
        "rtt": 0.192857027053833,
        "latency": 0.311117,
        "ttfb": 0.513333,
        "throughput": 1505.686743139191,
        "circ_id": "9",
        "circuit": [
            "8708EF197D06CDB65CF198233DB911F2F2008BAF",
            "4DB57C6E34E73E45FDC03223E69F38379D3F9995",
            "8029928877A15A504D92996C65BFD4F0BDF4E702"
        ]
    },
    "4": {
        "timestamp": 1682811302.9538085,
        "total_time": 1.3998444080352783,
        "rtt": 0.20003962516784668,
        "latency": 0.21925,
        "ttfb": 0.512267,
        "throughput": 1508.7961056274385,
        "circ_id": "11",
        "circuit": [
            "5D575ADD108DDBBF17E78AD8CB267D6C1F338206",
            "AF9011B98279B7E9FB9EC6176F1E08C48ED09228",
            "8ABF77A756425AC6A6399443D9DF09A253D78873"
        ]
    },
    "5": {
        "timestamp": 1682811307.3616247,
        "total_time": 1.698254108428955,
        "rtt": 0.29398202896118164,
        "latency": 0.202077,
        "ttfb": 0.39178,
        "throughput": 1972.8497086665018,
        "circ_id": "13",
        "circuit": [
            "2F09BD6D9A2D5A7D6D26C17651CE8ECF0B7BA257",
            "CACE55A5A4E21B502ACF5159B2464A772006F4A1",
            "EBA0FFA5799A9B9D79A3BE2DBD601E301ACFB087"
        ]
    },
    "6": {
        "timestamp": 1682811312.0654116,
        "total_time": 1.3120129108428955,
        "rtt": 0.30251574516296387,
        "latency": 0.200001,
        "ttfb": 0.420415,
        "throughput": 1838.4014231557717,
        "circ_id": "15",
        "circuit": [
            "54FF87E18CF4B351BB078A640A4DC5265969485E",
            "9F8787201D2BD769D740A4057190A74954471751",
            "8ABF77A756425AC6A6399443D9DF09A253D78873"
        ]
    },
    "7": {
        "timestamp": 1682811320.1546335,
        "total_time": 1.9131898880004883,
        "rtt": 0.3015601634979248,
        "latency": 0.307499,
        "ttfb": 0.51211,
        "throughput": 1509.2851299293388,
        "circ_id": "19",
        "circuit": [
            "7C80E6E91AF12DA27C15F6EA099E73499D613C18",
            "9DA5284A51021A711ECAA677C81E5408222B9F2A",
            "E9EFFF8F825DD636D2283CD20ADE436397F49FCF"
        ]
    },
    "8": {
        "timestamp": 1682811325.0754235,
        "total_time": 1.733736515045166,
        "rtt": 0.3247060775756836,
        "latency": 0.166083,
        "ttfb": 0.403417,
        "throughput": 1915.8560009913874,
        "circ_id": "21",
        "circuit": [
            "7A2D44E76934D709CBF0E0AE8FEB132B61B6F35D",
            "4B02D746D96A5F80666F4A3B265C66F789D47BDD",
            "6A01150EAB04007E2E08D9C603B1467193805B06"
        ]
    },
    "9": {
        "timestamp": 1682811458.5993676,
        "total_time": 1.5074152946472168,
        "rtt": 0.195448637008667,
        "latency": 0.204066,
        "ttfb": 0.305669,
        "throughput": 2528.267204809268,
        "circ_id": "27",
        "circuit": [
            "A8A2FD93B62126CDA2A3597AD17AE9CC81174C69",
            "21524A2BC6C4275B2FDC23F0FF2344B6D8FEC255",
            "1B78106D1E5653070DA6FAA0F95EC653932F49B4"
        ]
    },
    "10": {
        "timestamp": 1682811463.1101713,
        "total_time": 2.11742901802063,
        "rtt": 0.4036986827850342,
        "latency": 0.199944,
        "ttfb": 0.507598,
        "throughput": 1522.5676833531943,
        "circ_id": "29",
        "circuit": [
            "AC7C88D67339B90F2C10FF7B702DCB1EF3B8D663",
            "98EF3981F766F9F87D7C399E6DD0FFC3867711AF",
            "6B762F98D14093EC36FD5055897E49331E579D6D"
        ]
    },
    "11": {
        "timestamp": 1682811468.2320755,
        "total_time": 1.8084089756011963,
        "rtt": 0.3010272979736328,
        "latency": 0.199758,
        "ttfb": 0.408086,
        "throughput": 1893.8605109258356,
        "circ_id": "31",
        "circuit": [
            "1F2EB70268CE9E18CE864D44D793E2091F3CE72C",
            "B771269758DC649748360BA8A2D13337F548AA21",
            "D5C4D888D80F0D5BE98A672B5E10B78EA5D5D5F2"
        ]
    },
    "12": {
        "timestamp": 1682811473.0479183,
        "total_time": 1.5975842475891113,
        "rtt": 0.3171851634979248,
        "latency": 0.288593,
        "ttfb": 0.490297,
        "throughput": 1576.1774943059822,
        "circ_id": "33",
        "circuit": [
            "03D1EF3EF2BE5145150C58ACC72519DD860E61BA",
            "8E5B1326F580D02E539FDAABF99A3BDE1077252E",
            "BEF35F8545AB34E6D5AF6D00D755F6A2F88A274D"
        ]
    },
    "13": {
        "timestamp": 1682811477.6515934,
        "total_time": 1.512519121170044,
        "rtt": 0.20271778106689453,
        "latency": 0.196795,
        "ttfb": 0.312773,
        "throughput": 2470.4220490760686,
        "circ_id": "35",
        "circuit": [
            "DB603D15336F59DBF6421B3BCBE786D54CE3FED3",
            "C57A8B0C2DAE933916398359EC4DCC53D4FF329B",
            "60FE782DF923698546023C6F14FEC0884624F35C"
        ]
    },
    "14": {
        "timestamp": 1682811482.1713073,
        "total_time": 2.102449417114258,
        "rtt": 0.20276832580566406,
        "latency": 0.301646,
        "ttfb": 0.711788,
        "throughput": 1085.8983526093168,
        "circ_id": "37",
        "circuit": [
            "2AA5F598F9A1812F01CD99E3B59BB87362ED7438",
            "41E041EC676622FFEE59F56BC75B99CD0D47F653",
            "9EAD5B2D3DBD96DBC80DCE423B0C345E920A758D"
        ]
    },
    "15": {
        "timestamp": 1682811487.2788882,
        "total_time": 1.7028465270996094,
        "rtt": 0.27274179458618164,
        "latency": 0.200044,
        "ttfb": 0.300361,
        "throughput": 2573.0044237035954,
        "circ_id": "39",
        "circuit": [
            "67A54EDB7DADDBBC1E8A07F1EF82364BDAA896B7",
            "AE5663F25D87F60A948B02BFDE05E04B74B5221B",
            "6A01150EAB04007E2E08D9C603B1467193805B06"
        ]
    },
    "16": {
        "timestamp": 1682811491.9868746,
        "total_time": 1.6319541931152344,
        "rtt": 0.18057584762573242,
        "latency": 0.294195,
        "ttfb": 0.423174,
        "throughput": 1826.3006190048668,
        "circ_id": "41",
        "circuit": [
            "A0E3BE25F816068DE049C2D47E20942914744E90",
            "DB41FF1ECDE43FC17756FCE59F0FFDE9352D86B2",
            "9FE8CB4B152D5FD340AA2B307356560A3DAFE0DD"
        ]
    },
    "17": {
        "timestamp": 1682811496.6249094,
        "total_time": 1.9825658798217773,
        "rtt": 0.41059422492980957,
        "latency": 0.273609,
        "ttfb": 0.507562,
        "throughput": 1522.744643799888,
        "circ_id": "43",