{
    "0": {
        "timestamp": 1682807372.591434,
        "total_time": 1.6355197429656982,
        "rtt": 0.3064393997192383,
        "latency": 0.298573,
        "ttfb": 0.605842,
        "throughput": 1275.8091402729867,
        "circ_id": "3",
        "circuit": [
            "409FDB0A3CEAA4FF20F4B8FA7F52AB0DE4338F56",
            "7C53B7E51E3E54D5F8D8A5182102136E17EF2C96",
            "6E3DD22CF40499F67CCADC5C024397748C0E63B4"
        ]
    },
    "1": {
        "timestamp": 1682807377.2358968,
        "total_time": 1.3937859535217285,
        "rtt": 0.30321168899536133,
        "latency": 0.141553,
        "ttfb": 0.388776,
        "throughput": 1987.923301650002,
        "circ_id": "5",
        "circuit": [
            "720ABE4554C55EE6F6099491CA55D1F5550512C5",
            "3447ABE8BB49303BF36FE0007B3C8AD88BDC4D33",
            "A7C6072A52804A8170D855908A748541F5D02B2C"
        ]
    },
    "2": {
        "timestamp": 1682807381.6376023,
        "total_time": 2.0088553428649902,
        "rtt": 0.19977045059204102,
        "latency": 0.199232,
        "ttfb": 0.407042,
        "throughput": 1898.7403957633283,
        "circ_id": "7",
        "circuit": [
            "070673739A5470C6042A27CF44B02EF6A46B3D98",
            "C4ECD28A5BEA4DB85E0E17838A53B6903DAB4181",
            "812DA820DA42A26E1D8798AFC554D4A5D8663E19"
        ]
    },
    "3": {
        "timestamp": 1682807386.6552405,
        "total_time": 2.116668939590454,
        "rtt": 0.21268105506896973,
        "latency": 0.287848,
        "ttfb": 0.49803,
        "throughput": 1551.9626404646654,
        "circ_id": "9",
        "circuit": [
            "FF353F5D011E69ECDA10A57B46D06BC7B3FEB196",
            "529FD6BCE595312A599680153115CDB7E65F02FB",
            "95B6BBE822D883AF830583808BDD4CF9C41C6B10"
        ]
    },
    "4": {
        "timestamp": 1682807391.7799137,
        "total_time": 2.003997325897217,
        "rtt": 0.29895901679992676,
        "latency": 0.308198,
        "ttfb": 0.819699,
        "throughput": 942.9692674970814,
        "circ_id": "11",
        "circuit": [
            "F79370BA46ADC03CC10866924EE4A3C470BAFE93",
            "ED27E27D332AB216BD9DB454C90880E8F8314ACD",
            "689A71BCC2F040D9C9836A6CF4D519B0C19C0050"
        ]
    },
    "5": {
        "timestamp": 1682807396.7928011,
        "total_time": 1.4962317943572998,
        "rtt": 0.19109177589416504,
        "latency": 0.200043,
        "ttfb": 0.302633,
        "throughput": 2553.8353783839143,
        "circ_id": "13",
        "circuit": [
            "C4A2975FE68426B942074C05A3C9694952B19F71",
            "C402144D3067AF9532C45278D14473DF05813D89",
            "D1E5C406D14429BD36BACC6EEE64E6B8C5833E7B"
        ]
    },
    "6": {
        "timestamp": 1682807401.2944787,
        "total_time": 1.599031686782837,
        "rtt": 0.20203423500061035,
        "latency": 0.195948,
        "ttfb": 0.502695,
        "throughput": 1537.5832691844842,
        "circ_id": "15",
        "circuit": [
            "427526EBD012CFE50FCFFCBFE221EFFE199AFA8C",
            "F33D7A72F07490A8D8C9884130C5EECCD89EEFA8",
            "64455A8D18A789BBFD648D63B038686218D83149"
        ]
    },
    "7": {
        "timestamp": 1682807405.899357,
        "total_time": 1.6423687934875488,
        "rtt": 0.19768428802490234,
        "latency": 0.30227,
        "ttfb": 0.444351,
        "throughput": 1739.4082861540398,
        "circ_id": "17",
        "circuit": [
            "46DB04323499DD535956531DF2BF7B03EB2AB15D",
            "2386ACE54DB77B7B385AF8AB1B93E4F982B95135",
            "8F744605199E75C26F74E818BDE50D9A7325EC94"
        ]
    },
    "8": {
        "timestamp": 1682807410.5469534,
        "total_time": 6.715203285217285,
        "rtt": 0.9183981418609619,
        "latency": 0.611298,
        "ttfb": 1.050938,
        "throughput": 735.464117818878,
        "circ_id": "19",
        "circuit": [
            "608842CE39C7483340C2C1CC0574DBC53B799346",
            "CB6F07BB3D81A32EF2569FC4E0511E36BF24C034",
            "A3389B5CCACB850B45148895B26AC912B7EC9CB6"
        ]
    },
    "9": {
        "timestamp": 1682807420.2677956,
        "total_time": 1.4708526134490967,
        "rtt": 0.14719462394714355,
        "latency": 0.197959,
        "ttfb": 0.403939,
        "throughput": 1913.0490735447338,
        "circ_id": "21",
        "circuit": [
            "0E4F190C4A6F7DDF7F8C9A7842B85B4BBCF5F44B",
            "B5168D25AE4EB439A7C1B80367B890400ACE0A7F",
            "2E143E1CC956D90F533D196D67B2BC1B7C6E1215"
        ]
    },
    "10": {
        "timestamp": 1682807424.748279,
        "total_time": 1.4947543144226074,
        "rtt": 0.20577692985534668,
        "latency": 0.304883,
        "ttfb": 0.611241,
        "throughput": 1264.4417072743838,
        "circ_id": "23",
        "circuit": [
            "9B12C0D5A3435004F3DE149F83E752E44522E297",
            "75A931404453030821C547A4FAA9094A06C48C7A",
            "A0D2171CFAEC780B2930E059E03505D799292791"
        ]
    },
    "11": {
        "timestamp": 1682807429.248699,
        "total_time": 1.6026339530944824,
        "rtt": 0.1979079246520996,
        "latency": 0.200698,
        "ttfb": 0.405158,
        "throughput": 1907.4645280690931,
        "circ_id": "25",
        "circuit": [
            "FF86A59E35A2CF7F2744DA768DFBE90860868676",
            "C402144D3067AF9532C45278D14473DF05813D89",
            "60FE782DF923698546023C6F14FEC0884624F35C"
        ]
    },
    "12": {
        "timestamp": 1682807433.8600705,
        "total_time": 1.9135425090789795,
        "rtt": 0.17944025993347168,
        "latency": 0.296626,
        "ttfb": 0.509415,
        "throughput": 1517.0694849225274,
        "circ_id": "27",
        "circuit": [
            "95FA758717D185CBC1D5EE992AAE084AD041927D",
            "41E041EC676622FFEE59F56BC75B99CD0D47F653",
            "209C8F817C662611D12A60EDE71078E23E17D1CD"
        ]
    },
    "13": {
        "timestamp": 1682807438.7798612,
        "total_time": 1.4911291599273682,
        "rtt": 0.3008697032928467,
        "latency": 0.200686,
        "ttfb": 0.609978,
        "throughput": 1267.0137158742232,
        "circ_id": "29",
        "circuit": [
            "A22B1C2EF2255987F8AB8AA0B1A8E23F5023EEB8",
            "27D50F277EEBC477576AD46A1BA31BE1DA6E2439",
            "2E7EFCF9BBE38211DC90BBB9F32FBEF612ACC490"
        ]
    },
    "14": {
        "timestamp": 1682807507.2727778,
        "total_time": 1.6010525226593018,
        "rtt": 0.22061848640441895,
        "latency": 0.17448,
        "ttfb": 0.274017,
        "throughput": 2819.7682901917296,
        "circ_id": "33",
        "circuit": [
            "FA751944A6DADBB99496E5E06A8EA1C14D5A5C2D",
            "41C5E9CB0A09308C5FE83EC77CC5FC012CA69C7D",
            "0CA1B6BC906E5DD6F4CFE322B4BEFE7A17D42D52"
        ]
    },
    "15": {
        "timestamp": 1682807511.8800356,
        "total_time": 1.60514497756958,
        "rtt": 0.21959638595581055,
        "latency": 0.184017,
        "ttfb": 0.389409,
        "throughput": 1984.7790809933654,
        "circ_id": "35",
        "circuit": [
            "2889D778367BFBE2D594E95524E3FB908B49AA02",
            "AFB4CBCDD8FC55D172F6D51E1E8CDC0108C1B402",
            "32D61814AFCBA46866DC1F402EE2967D9AC1123D"
        ]
    },
    "16": {
        "timestamp": 1682807516.4929044,
        "total_time": 1.7024099826812744,
        "rtt": 0.19952178001403809,
        "latency": 0.201566,
        "ttfb": 0.304654,
        "throughput": 2536.7800286823513,
        "circ_id": "37",
        "circuit": [
            "82D1A2DBABE623D420122B1D59965277007B9446",
            "95E8F847EF8798A60A8187281F93813245D80E2A",
            "3DE791841B38F2071450E0FBFD3B41E067267F32"
        ]
    },
    "17": {
        "timestamp": 1682807521.2029247,
        "total_time": 1.599534034729004,
        "rtt": 0.3053743839263916,
        "latency": 0.202652,
        "ttfb": 0.509616,
        "throughput": 1516.5575516914619,