{
    "0": {
        "timestamp": 1682806788.5527399,
        "total_time": 1.8324742317199707,
        "rtt": 0.1998460292816162,
        "latency": 0.332572,
        "ttfb": 0.50833,
        "throughput": 1520.2500054083928,
        "circ_id": "6",
        "circuit": [
            "1EFBACCD28A07FD6AD7AA6F1293177D71397E918",
            "CF230D27A28172429123DFEE6476D9401E6C6FA8",
            "1B18F98534634EF4EB4B36523F052F4D829E0496"
        ]
    },
    "1": {
        "timestamp": 1682806793.3932106,
        "total_time": 2.0104784965515137,
        "rtt": 0.19901442527770996,
        "latency": 0.305445,
        "ttfb": 0.611795,
        "throughput": 1263.381547764975,
        "circ_id": "8",
        "circuit": [
            "6EDC0A79B083ECCE0D1B797B101ED88EB3ED90D1",
            "E7B4C1A519BCEB0A7E772E08005AEFC083F84393",
            "67B751FF156E76F6B715BDBA2F23CF2D3BE43CFA"
        ]
    },
    "2": {
        "timestamp": 1682806798.4097157,
        "total_time": 5.592435836791992,
        "rtt": 0.407412052154541,
        "latency": 0.197854,
        "ttfb": 0.504861,
        "throughput": 1530.881019055805,
        "circ_id": "10",
        "circuit": [
            "FA751944A6DADBB99496E5E06A8EA1C14D5A5C2D",
            "819374FFCB0184491FC1B3A8C7745C4D5ABFEDEC",
            "3B43FB4F237EBE3570CB06B500CA1E8B46EEAFA1"
        ]
    },
    "3": {
        "timestamp": 1682806807.010229,
        "total_time": 2.5237832069396973,
        "rtt": 0.185408353805542,
        "latency": 0.304491,
        "ttfb": 1.124364,
        "throughput": 703.4393828230953,
        "circ_id": "12",
        "circuit": [
            "00DA4A3852EA5EF6841B8B4372DB0EFD3AB0BE92",
            "0CA3F4D95BCF24964FC4623588A3F17E2EE216DE",
            "01F73DBD9B56C31E3D3AAEB95F8CF1DEB7D9A72F"
        ]
    },
    "4": {
        "timestamp": 1682806812.5392663,
        "total_time": 2.520813465118408,
        "rtt": 0.30348849296569824,
        "latency": 0.305289,
        "ttfb": 1.019135,
        "throughput": 758.3940882543103,
        "circ_id": "14",
        "circuit": [
            "0C3D5E19E3C75B505C8ACD26F89DCA2DF970553E",
            "0E9CF92A1840341AECB39D1F9700C1BAEA51C284",
            "3DE791841B38F2071450E0FBFD3B41E067267F32"
        ]
    },
    "5": {
        "timestamp": 1682806818.0653882,
        "total_time": 1.5367717742919922,
        "rtt": 0.3061816692352295,
        "latency": 0.23202,
        "ttfb": 0.542774,
        "throughput": 1423.842828381811,
        "circ_id": "16",
        "circuit": [
            "0C36AE99B744E32088C9ED23D7A31F8D23AE1A58",
            "7600680249A22080ECC6173FBBF64D6FCF330A61",
            "0BA1C8F26AFAD3FAEF3B6A228F97382D115027B9"
        ]
    },
    "6": {
        "timestamp": 1682806822.6106656,
        "total_time": 1.5831329822540283,
        "rtt": 0.1726076602935791,
        "latency": 0.208177,
        "ttfb": 0.329947,
        "throughput": 2342.3390664581893,
        "circ_id": "18",
        "circuit": [
            "EC167B8C9A38A0F5F79D4A01479035760E0D3D63",
            "68D2ABD936233A569E2B46D6228816149A16B4FA",
            "050A1245EEC76B7438337BAAF19F4AB0666B375F"
        ]
    },
    "7": {
        "timestamp": 1682806827.1995664,
        "total_time": 1.8203203678131104,
        "rtt": 0.2865419387817383,
        "latency": 0.31825,
        "ttfb": 0.557922,
        "throughput": 1385.3096247656802,
        "circ_id": "20",
        "circuit": [
            "ED9A731373456FA071C12A3E63E2C8BEF0A6E721",
            "D62D4ACD66B9FB91AC2EAA7CF29E654A8AEC1C36",
            "B2FB3A302B56EFDBF0CA061E84BE4599305CE477"
        ]
    },
    "8": {
        "timestamp": 1682806832.0256522,
        "total_time": 1.4658875465393066,
        "rtt": 0.2014331817626953,
        "latency": 0.154797,
        "ttfb": 0.304466,
        "throughput": 2537.9877336065033,
        "circ_id": "22",
        "circuit": [
            "509EAB4C5D10C9A9A24B4EA0CE402C047A2D64E6",
            "52BFADA8BEAA01BA46C8F767F83C18E2FE50C1B9",
            "18F81FA0CF19C9103FB11BF626A980CB9CD4AFEF"
        ]
    },
    "9": {
        "timestamp": 1682806836.4976633,
        "total_time": 1.8767011165618896,
        "rtt": 0.20250844955444336,
        "latency": 0.200115,
        "ttfb": 0.679864,
        "throughput": 1136.7764079924352,
        "circ_id": "24",
        "circuit": [
            "F9CB3FD4C7804F03105AAF1BF7B6C7D2DA7DD522",
            "4839E9CA0DD1B72B4FB6504006CB499A059AEDA0",
            "E97F58C06E7AA7175F9BE2A3C708325C03FB2FB1"
        ]
    },
    "10": {
        "timestamp": 1682806841.379798,
        "total_time": 1.8390803337097168,
        "rtt": 0.20154905319213867,
        "latency": 0.303605,
        "ttfb": 0.610287,
        "throughput": 1266.5030425564682,
        "circ_id": "26",
        "circuit": [
            "5EA52391D9CEAF1D2075BCBAF05BF19AED16E1E6",
            "68D2ABD936233A569E2B46D6228816149A16B4FA",
            "E532D4BB9D10C717289561E03FACB2BF2F1096FE"
        ]
    },
    "11": {
        "timestamp": 1682806846.2261484,
        "total_time": 2.011174201965332,
        "rtt": 0.19898080825805664,
        "latency": 0.203682,
        "ttfb": 0.511728,
        "throughput": 1510.4057774486453,
        "circ_id": "28",
        "circuit": [
            "DAE65AD32A074CECB30AD3FBB7504F0CDC616CD1",
            "0CA3F4D95BCF24964FC4623588A3F17E2EE216DE",
            "5788CEC0A7C5EE251FC72C55730A6B1FCAEA1D93"
        ]
    },
    "12": {
        "timestamp": 1682806851.2423692,
        "total_time": 1.198848009109497,
        "rtt": 0.19236993789672852,
        "latency": 0.230615,
        "ttfb": 0.516326,
        "throughput": 1496.9161204117001,
        "circ_id": "30",
        "circuit": [
            "FA751944A6DADBB99496E5E06A8EA1C14D5A5C2D",
            "8E5B1326F580D02E539FDAABF99A3BDE1077252E",
            "F0D01EB1FDC508279AB3412AF3FC950BB1DA2AD1"
        ]
    },
    "13": {
        "timestamp": 1682806855.447645,
        "total_time": 1.9013822078704834,
        "rtt": 0.3019893169403076,
        "latency": 0.205278,
        "ttfb": 0.41072,
        "throughput": 1881.7171581932594,
        "circ_id": "32",
        "circuit": [
            "8284C8A45D22F2981C4B6287C7FB4367116E7CCE",
            "B86137AE9681701901C6720E55C16805B46BD8E3",
            "42E817BE07AB39CA3BD7A442AF08E007FF2E3F5B"
        ]
    },
    "14": {
        "timestamp": 1682806860.351659,
        "total_time": 2.2193286418914795,
        "rtt": 0.20084857940673828,
        "latency": 0.205846,
        "ttfb": 0.819795,
        "throughput": 964.7447390310597,
        "circ_id": "34",
        "circuit": [
            "B25E02013A30693556480274240B8B392AB04179",
            "B0AB68E38CF7D4CBD443162A1DEC8B633891352B",
            "01F73DBD9B56C31E3D3AAEB95F8CF1DEB7D9A72F"
        ]
    },
    "15": {
        "timestamp": 1682806865.5770006,
        "total_time": 1.7031831741333008,
        "rtt": 0.3060915470123291,
        "latency": 0.305341,
        "ttfb": 0.509826,
        "throughput": 1516.0578573179703,
        "circ_id": "36",
        "circuit": [
            "8B3A07D9155E76BB4AE922C8F99AE3AB7D88DD23",
            "D2ADD68BA9F735031893CB8A58548375E831B45B",
            "85FF20C8DCDDFE445910B93C74AB06044E305073"
        ]
    },
    "16": {
        "timestamp": 1682806870.2865436,
        "total_time": 1.8067891597747803,
        "rtt": 0.19676542282104492,
        "latency": 0.200537,
        "ttfb": 0.511034,
        "throughput": 1512.3857150962701,
        "circ_id": "38",
        "circuit": [
            "24893333D304C74CCDD11D99090C0471DCFED589",
            "3D615DEF97F387631F50201FAFA6E7B67FDF3FEF",
            "9FE8CB4B152D5FD340AA2B307356560A3DAFE0DD"
        ]
    },
    "17": {
        "timestamp": 1682806875.0992103,
        "total_time": 1.7003514766693115,
        "rtt": 0.3056478500366211,
        "latency": 0.202508,
        "ttfb": 0.403906,
        "throughput": 1913.2337362757037,
        "circ_id": "40",