{
    "0": {
        "timestamp": 1682808994.8550582,
        "total_time": 1.324781894683838,
        "rtt": 0.20212006568908691,
        "latency": 0.202695,
        "ttfb": 0.305051,
        "throughput": 2533.52080731804,
        "circ_id": "3",
        "circuit": [
            "7F302F0AACC76835768AF068849CA07D1CC38C5E",
            "1F1C3372918B7650603D4121FF53990BF303582C",
            "B9A466F3AC1CA35BF3F833F40B462C67B8BEE103"
        ]
    },
    "1": {
        "timestamp": 1682808999.185417,
        "total_time": 1.909116268157959,
        "rtt": 0.30187296867370605,
        "latency": 0.300809,
        "ttfb": 0.505671,
        "throughput": 1528.3022598311554,
        "circ_id": "5",
        "circuit": [
            "A4F11D693FAB6E949B2B7C18153C3F7989896007",
            "D62D4ACD66B9FB91AC2EAA7CF29E654A8AEC1C36",
            "5CA693D218DDC998595A5A926307F24EEE2AE0EC"
        ]
    },
    "2": {
        "timestamp": 1682809004.1024446,
        "total_time": 1.6197350025177002,
        "rtt": 0.3023676872253418,
        "latency": 0.198729,
        "ttfb": 0.320009,
        "throughput": 2414.742109916062,
        "circ_id": "7",
        "circuit": [
            "DCB0BB5DF6D7CE6467DD82193EB4A8581A0F0645",
            "F5B9952A672AF2A2B6766D80A7BBD2999000975C",
            "D7F775E0DD57005AEDA37C5EE92ABC4784B577F9"
        ]
    },
    "3": {
        "timestamp": 1682809008.7305183,
        "total_time": 1.5773720741271973,
        "rtt": 0.18843340873718262,
        "latency": 0.2325,
        "ttfb": 0.406107,
        "throughput": 1903.1205761063582,
        "circ_id": "9",
        "circuit": [
            "FDBA8FB4809975350AF8365988A37300D09103F5",
            "F84F4326E77432CF3CD135EC98C46B2627D54D62",
            "C4019EC5FBDB0401072599BC34E6FECD5F26692D"
        ]
    },
    "4": {
        "timestamp": 1682809013.315846,
        "total_time": 1.6106829643249512,
        "rtt": 0.23214960098266602,
        "latency": 0.201993,
        "ttfb": 0.311517,
        "throughput": 2480.8958184228177,
        "circ_id": "11",
        "circuit": [
            "054AF5AE5DA4AA0B81D7155542AF204252CB6D61",
            "21926E3247C41DC078C1B62678618D7AA4B75A26",
            "F5A684405DAF449CE4885315C77B5C85EFB88E72"
        ]
    },
    "5": {
        "timestamp": 1682809021.9157808,
        "total_time": 1.3971490859985352,
        "rtt": 0.2909364700317383,
        "latency": 0.23069,
        "ttfb": 0.508557,
        "throughput": 1519.6343441293557,
        "circ_id": "15",
        "circuit": [
            "57A295377F3167AD554B521F4615184943C39CE1",
            "C81FBEB6BFA5D17CC5730325C29F98AF00EECD4E",
            "ADADA1DEF04DED7A6BB32C80D6DC593B5BC089EF"
        ]
    },
    "6": {
        "timestamp": 1682809026.3193521,
        "total_time": 2.0271048545837402,
        "rtt": 0.40384817123413086,
        "latency": 0.242983,
        "ttfb": 0.520557,
        "throughput": 1484.6940147432226,
        "circ_id": "17",
        "circuit": [
            "32C1100B5EF19A5BFBB431E8D42781C2D09D31C3",
            "323F66BDC56589A61AF52F62A3307830C381CDCD",
            "1B52A354CCFB14BCD943552283A67020D602CB2B"
        ]
    },
    "7": {
        "timestamp": 1682809031.3551452,
        "total_time": 2.61108136177063,
        "rtt": 0.43364572525024414,
        "latency": 0.376986,
        "ttfb": 0.786914,
        "throughput": 982.1747356196532,
        "circ_id": "19",
        "circuit": [
            "F9E7C3420C761D8253D131EFEFC9EC8CC4F8FB28",
            "9DA5284A51021A711ECAA677C81E5408222B9F2A",
            "E97F58C06E7AA7175F9BE2A3C708325C03FB2FB1"
        ]
    },
    "8": {
        "timestamp": 1682809036.9746892,
        "total_time": 1.5964224338531494,
        "rtt": 0.19842529296875,
        "latency": 0.139708,
        "ttfb": 0.404799,
        "throughput": 1909.3302770875428,
        "circ_id": "21",
        "circuit": [
            "B17565B56DA028F45ABEC5EAB31F01675B26241F",
            "CE5ED345398CC02D573347C2F238F80B18E680EE",
            "DB16C773A0E87530FD4FC6D5D81FFB6D6EB2E5D0"
        ]
    },
    "9": {
        "timestamp": 1682809041.5760865,
        "total_time": 1.1989154815673828,
        "rtt": 0.1759777069091797,
        "latency": 0.305379,
        "ttfb": 0.409682,
        "throughput": 1886.3458333231654,
        "circ_id": "23",
        "circuit": [
            "762CA87A8B2C7BE90662A3C904608C65DEFA438E",
            "3A63820A01459135D2A66188278199130F6B0015",
            "5EF5C825C3CBF4E675F31C7DA99ECF45F4D1F801"
        ]
    },
    "10": {
        "timestamp": 1682809045.7829432,
        "total_time": 2.1091136932373047,
        "rtt": 0.5128993988037109,
        "latency": 0.405919,
        "ttfb": 0.917662,
        "throughput": 842.3066780862966,
        "circ_id": "25",
        "circuit": [
            "53A5DB0FE692A273C94CA7F07EEFA988C980DF26",
            "9DA5284A51021A711ECAA677C81E5408222B9F2A",
            "DEDF9FEF384AB48F4E7D47FF36A6E2E762FF1FCA"
        ]
    },
    "11": {
        "timestamp": 1682809050.8984466,
        "total_time": 1.7021880149841309,
        "rtt": 0.28305554389953613,
        "latency": 0.223542,
        "ttfb": 0.391021,
        "throughput": 1976.557465915251,
        "circ_id": "27",
        "circuit": [
            "5FAE28CF4D1C520341EE104BF72516F4308B9485",
            "8106D3D43FBD92D5D8EEBC3E5031B268FCDDC425",
            "60FE782DF923698546023C6F14FEC0884624F35C"
        ]
    },
    "12": {
        "timestamp": 1682809055.6079962,
        "total_time": 1.805372714996338,
        "rtt": 0.20309114456176758,
        "latency": 0.200656,
        "ttfb": 0.402923,
        "throughput": 1918.1189035208524,
        "circ_id": "29",
        "circuit": [
            "DB603D15336F59DBF6421B3BCBE786D54CE3FED3",
            "7C3F41B01DEB2570C2DBE9998DE521963FF55C2D",
            "1B18F98534634EF4EB4B36523F052F4D829E0496"
        ]
    },
    "13": {
        "timestamp": 1682809060.4205158,
        "total_time": 1.8088123798370361,
        "rtt": 0.300997257232666,
        "latency": 0.201543,
        "ttfb": 0.610466,
        "throughput": 1266.044617836325,
        "circ_id": "31",
        "circuit": [
            "CF6A6080091BB210AA3892FEFE2F6A396DA08DF3",
            "A4771CB90024F1870D622960519945A3E49B40FE",
            "69EBD6001577A65C76F324F56CE65ECDAE6B5218"
        ]
    },
    "14": {
        "timestamp": 1682809065.231865,
        "total_time": 2.935955762863159,
        "rtt": 0.40410327911376953,
        "latency": 0.196607,
        "ttfb": 0.506356,
        "throughput": 1526.1990929678352,
        "circ_id": "33",
        "circuit": [
            "67F55733B91B85F578C2A962D0E0BA0900CBB185",
            "C8C4DBB84AB4B2261EC3540C931DB28652DAD219",
            "9A3076C5EB8D85150B6CA6AB81F9D3579091659A"
        ]
    },
    "15": {
        "timestamp": 1682809071.1758747,
        "total_time": 1.3927266597747803,
        "rtt": 0.19834327697753906,
        "latency": 0.208547,
        "ttfb": 0.404582,
        "throughput": 1910.0993103380108,
        "circ_id": "35",
        "circuit": [
            "A751D8BEE222564B7BA657F74B6658836FF1AEEA",
            "C64EB4553AA308D8FBC314D73B44178E4CB11C35",
            "4C6FDAF59FFF2E62BA3C8709ED82008045027D95"
        ]
    },
    "16": {
        "timestamp": 1682809075.5755694,
        "total_time": 2.1156458854675293,
        "rtt": 0.3019843101501465,
        "latency": 0.202727,
        "ttfb": 0.50893,
        "throughput": 1518.6401785433627,
        "circ_id": "37",
        "circuit": [
            "46DB04323499DD535956531DF2BF7B03EB2AB15D",
            "CB6F07BB3D81A32EF2569FC4E0511E36BF24C034",
            "1735C96E3A7ED814668C2ADBD9F21D4BEC14C7F9"
        ]
    },
    "17": {
        "timestamp": 1682809080.6978564,
        "total_time": 1.9064462184906006,
        "rtt": 0.3092231750488281,
        "latency": 0.291179,
        "ttfb": 0.496205,
        "throughput": 1557.6512312094467,
        "circ_id": "39",