{
    "0": {
        "timestamp": 1682812220.9992495,
        "total_time": 1.5311169624328613,
        "rtt": 0.19745159149169922,
        "latency": 0.231437,
        "ttfb": 0.614965,
        "throughput": 1256.8288241415191,
        "circ_id": "3",
        "circuit": [
            "AE5BFD2CFA3FEF7B91067BE1FCB20B62CD3B6BE2",
            "68D2ABD936233A569E2B46D6228816149A16B4FA",
            "105F800FD30E637883A64EA64BC556E82C248A51"
        ]
    },
    "1": {
        "timestamp": 1682812225.5356855,
        "total_time": 2.0115363597869873,
        "rtt": 0.2996854782104492,
        "latency": 0.20337,
        "ttfb": 0.612846,
        "throughput": 1261.2109909724704,
        "circ_id": "5",
        "circuit": [
            "B17565B56DA028F45ABEC5EAB31F01675B26241F",
            "2EC34ECA8B5CDB181DED6948D8323199A6BBD5EC",
            "26CA344A0DA0C93343869BF6A17C852D1D3A0C9B"
        ]
    },
    "2": {
        "timestamp": 1682812230.5527306,
        "total_time": 1.5007340908050537,
        "rtt": 0.29935598373413086,
        "latency": 0.311672,
        "ttfb": 0.621556,
        "throughput": 1243.500978070627,
        "circ_id": "7",
        "circuit": [
            "BF50E09EED25B82861CF95E1AAA42DCFEF53E5D1",
            "68D2ABD936233A569E2B46D6228816149A16B4FA",
            "18F81FA0CF19C9103FB11BF626A980CB9CD4AFEF"
        ]
    },
    "3": {
        "timestamp": 1682812239.050845,
        "total_time": 1.3994953632354736,
        "rtt": 0.20112109184265137,
        "latency": 0.202835,
        "ttfb": 0.40688,
        "throughput": 1899.4495773540398,
        "circ_id": "11",
        "circuit": [
            "61866162CCDFE651B0D76AA57ECA90B9CC7C80DD",
            "006AE565CA934C6EE5E82FC64008D61426E8C317",
            "8C76967C2791E2709135846F172ED74AFA3C260E"
        ]
    },
    "4": {
        "timestamp": 1682812243.4557624,
        "total_time": 1.6023752689361572,
        "rtt": 0.20274925231933594,
        "latency": 0.197069,
        "ttfb": 0.506879,
        "throughput": 1524.793176501221,
        "circ_id": "13",
        "circuit": [
            "D56A98D38FC3C75E0347EEF3DD9C12749AF7C7C5",
            "68D2ABD936233A569E2B46D6228816149A16B4FA",
            "26CA344A0DA0C93343869BF6A17C852D1D3A0C9B"
        ]
    },
    "5": {
        "timestamp": 1682812248.0633526,
        "total_time": 1.7165513038635254,
        "rtt": 0.20160388946533203,
        "latency": 0.302978,
        "ttfb": 0.518809,
        "throughput": 1489.6237013969317,
        "circ_id": "15",
        "circuit": [
            "91892720F9262CB37B91A7176D3D2280F7AF14BE",
            "41E041EC676622FFEE59F56BC75B99CD0D47F653",
            "23B49521BDC4588C7CCF3C38E552504118326B66"
        ]
    },
    "6": {
        "timestamp": 1682812252.7873127,
        "total_time": 2.2043657302856445,
        "rtt": 0.41094326972961426,
        "latency": 0.304326,
        "ttfb": 0.612531,
        "throughput": 1261.8615804775486,
        "circ_id": "17",
        "circuit": [
            "6CBA90E31188A65E2B6AC1EE8412E8DE571ECAD6",
            "41E041EC676622FFEE59F56BC75B99CD0D47F653",
            "209C8F817C662611D12A60EDE71078E23E17D1CD"
        ]
    },
    "7": {
        "timestamp": 1682812257.9958334,
        "total_time": 2.010591983795166,
        "rtt": 0.4090304374694824,
        "latency": 0.271965,
        "ttfb": 0.476855,
        "throughput": 1620.738746558813,
        "circ_id": "19",
        "circuit": [
            "AC7C88D67339B90F2C10FF7B702DCB1EF3B8D663",
            "41E041EC676622FFEE59F56BC75B99CD0D47F653",
            "85FF20C8DCDDFE445910B93C74AB06044E305073"
        ]
    },
    "8": {
        "timestamp": 1682812263.0118914,
        "total_time": 1.631124496459961,
        "rtt": 0.201066255569458,
        "latency": 0.215061,
        "ttfb": 0.331162,
        "throughput": 2333.3524509256436,
        "circ_id": "21",
        "circuit": [
            "8284C8A45D22F2981C4B6287C7FB4367116E7CCE",
            "41E041EC676622FFEE59F56BC75B99CD0D47F653",
            "4C6FDAF59FFF2E62BA3C8709ED82008045027D95"
        ]
    },
    "9": {
        "timestamp": 1682812267.648567,
        "total_time": 1.4735653400421143,
        "rtt": 0.19744491577148438,
        "latency": 0.199086,
        "ttfb": 0.508688,
        "throughput": 1519.362536018523,
        "circ_id": "23",
        "circuit": [
            "93030C201E251DCA9B632142DD678B8E63EAC9B5",
            "2848309FCE708D38DFEDB8BF34D2DE5433E24C43",
            "105F800FD30E637883A64EA64BC556E82C248A51"
        ]
    },
    "10": {
        "timestamp": 1682812272.1278586,
        "total_time": 2.319183111190796,
        "rtt": 0.3049194812774658,
        "latency": 0.231867,
        "ttfb": 0.512204,
        "throughput": 1508.9934447606888,
        "circ_id": "25",
        "circuit": [
            "46DB04323499DD535956531DF2BF7B03EB2AB15D",
            "449FF55B44CCEB04A429CB5C0EDE4AA398FBE6F4",
            "23B49521BDC4588C7CCF3C38E552504118326B66"
        ]
    },
    "11": {
        "timestamp": 1682812277.4532037,
        "total_time": 2.4683194160461426,
        "rtt": 0.40753817558288574,
        "latency": 0.305224,
        "ttfb": 0.557268,
        "throughput": 1386.80827779223,
        "circ_id": "27",
        "circuit": [
            "427526EBD012CFE50FCFFCBFE221EFFE199AFA8C",
            "41E041EC676622FFEE59F56BC75B99CD0D47F653",
            "4C6FDAF59FFF2E62BA3C8709ED82008045027D95"
        ]
    },
    "12": {
        "timestamp": 1682812282.9281836,
        "total_time": 1.1542410850524902,
        "rtt": 0.20122241973876953,
        "latency": 0.203237,
        "ttfb": 0.417474,
        "throughput": 1851.1201312307674,
        "circ_id": "29",
        "circuit": [
            "AEC8D545DDEDC0311FA7F9F9A885D674D1F1C2FF",
            "41E041EC676622FFEE59F56BC75B99CD0D47F653",
            "6E3DD22CF40499F67CCADC5C024397748C0E63B4"
        ]
    },
    "13": {
        "timestamp": 1682812287.088969,
        "total_time": 1.079754114151001,
        "rtt": 0.33472323417663574,
        "latency": 0.172819,
        "ttfb": 0.37717,
        "throughput": 2049.153166909225,
        "circ_id": "31",
        "circuit": [
            "427526EBD012CFE50FCFFCBFE221EFFE199AFA8C",
            "1669E51A8F1D7D7255683F5536D3BE643EB11664",
            "8F744605199E75C26F74E818BDE50D9A7325EC94"
        ]
    },
    "14": {
        "timestamp": 1682812291.1740465,
        "total_time": 1.1938085556030273,
        "rtt": 0.17703676223754883,
        "latency": 0.168657,
        "ttfb": 0.615115,
        "throughput": 1256.5591411832788,
        "circ_id": "33",
        "circuit": [
            "93030C201E251DCA9B632142DD678B8E63EAC9B5",
            "2EC34ECA8B5CDB181DED6948D8323199A6BBD5EC",
            "209C8F817C662611D12A60EDE71078E23E17D1CD"
        ]
    },
    "15": {
        "timestamp": 1682812295.3736777,
        "total_time": 0.9879908561706543,
        "rtt": 0.14630627632141113,
        "latency": 0.158965,
        "ttfb": 0.364285,
        "throughput": 2121.435001207544,
        "circ_id": "35",
        "circuit": [
            "D56A98D38FC3C75E0347EEF3DD9C12749AF7C7C5",
            "CFD2895204AEAA82434363B55D9537B88CE6DEFD",
            "26CA344A0DA0C93343869BF6A17C852D1D3A0C9B"
        ]
    },
    "16": {
        "timestamp": 1682812299.3669825,
        "total_time": 1.618884563446045,
        "rtt": 0.12594294548034668,
        "latency": 0.185348,
        "ttfb": 0.399499,
        "throughput": 1934.361823254883,
        "circ_id": "37",
        "circuit": [
            "0C36AE99B744E32088C9ED23D7A31F8D23AE1A58",
            "68D2ABD936233A569E2B46D6228816149A16B4FA",
            "8F744605199E75C26F74E818BDE50D9A7325EC94"
        ]
    },
    "17": {
        "timestamp": 1682812303.9930637,
        "total_time": 1.498279333114624,
        "rtt": 0.20270395278930664,
        "latency": 0.166017,
        "ttfb": 0.834174,
        "throughput": 948.1115679200278,
        "circ_id": "39",