{
    "0": {
        "timestamp": 1682806302.8569324,
        "total_time": 1.4047999382019043,
        "rtt": 0.20093464851379395,
        "latency": 0.201781,
        "ttfb": 0.406805,
        "throughput": 1899.5522659471467,
        "circ_id": "4",
        "circuit": [
            "D56A98D38FC3C75E0347EEF3DD9C12749AF7C7C5",
            "07816F5EF2E310139C2AF386E6E86BCFDCABFFAB",
            "6EA5A7EA8C2F192C37DCEB2AAD481DC7E72E65DE"
        ]
    },
    "1": {
        "timestamp": 1682806307.2702122,
        "total_time": 1.6993732452392578,
        "rtt": 0.2303779125213623,
        "latency": 0.174442,
        "ttfb": 0.3766,
        "throughput": 2052.1996766391712,
        "circ_id": "6",
        "circuit": [
            "5EA52391D9CEAF1D2075BCBAF05BF19AED16E1E6",
            "9F8787201D2BD769D740A4057190A74954471751",
            "C7E37A4FF3196F375FD7BEF26823493C88855630"
        ]
    },
    "2": {
        "timestamp": 1682806311.9755325,
        "total_time": 2.0119588375091553,
        "rtt": 0.20299553871154785,
        "latency": 0.201849,
        "ttfb": 0.493734,
        "throughput": 1565.1923890748355,
        "circ_id": "8",
        "circuit": [
            "632779C468355C7F7E55C248BC2F42CE2CA2A184",
            "7C53B7E51E3E54D5F8D8A5182102136E17EF2C96",
            "5788CEC0A7C5EE251FC72C55730A6B1FCAEA1D93"
        ]
    },
    "3": {
        "timestamp": 1682806316.995939,
        "total_time": 1.9067392349243164,
        "rtt": 0.2063610553741455,
        "latency": 0.293284,
        "ttfb": 0.600962,
        "throughput": 1286.0185000332735,
        "circ_id": "10",
        "circuit": [
            "0B555940D37DC849728841C0B290074E1A1BDCA8",
            "B771269758DC649748360BA8A2D13337F548AA21",
            "32F0A019C71C26876ECAE355DD8415A355A86920"
        ]
    },
    "4": {
        "timestamp": 1682806321.9108474,
        "total_time": 1.7017600536346436,
        "rtt": 0.26048922538757324,
        "latency": 0.244183,
        "ttfb": 0.445342,
        "throughput": 1735.2848740627664,
        "circ_id": "12",
        "circuit": [
            "CDAEBA458F6129776643751934076A51D851C348",
            "4839E9CA0DD1B72B4FB6504006CB499A059AEDA0",
            "9F04EDC24F1731B61DFF80A0810150737A478715"
        ]
    },
    "5": {
        "timestamp": 1682806326.6203606,
        "total_time": 1.6033265590667725,
        "rtt": 0.29697561264038086,
        "latency": 0.233337,
        "ttfb": 0.607464,
        "throughput": 1272.3421135363703,
        "circ_id": "14",
        "circuit": [
            "61866162CCDFE651B0D76AA57ECA90B9CC7C80DD",
            "CD6E8C548704F4CE544CD71365D46F110518FBED",
            "2673930A22C0AEDF3FBE2C1416530A1378E6CA0E"
        ]
    },
    "6": {
        "timestamp": 1682806331.231995,
        "total_time": 2.0061442852020264,
        "rtt": 0.40767550468444824,
        "latency": 0.301646,
        "ttfb": 0.812834,
        "throughput": 973.0259014328452,
        "circ_id": "16",
        "circuit": [
            "A22B1C2EF2255987F8AB8AA0B1A8E23F5023EEB8",
            "F2E69C8CFB4C947CDD5338402C16A25AFC86EFBD",
            "01F73DBD9B56C31E3D3AAEB95F8CF1DEB7D9A72F"
        ]
    },
    "7": {
        "timestamp": 1682806336.2436857,
        "total_time": 1.816169023513794,
        "rtt": 0.26981163024902344,
        "latency": 0.305449,
        "ttfb": 0.51733,
        "throughput": 1494.051818278458,
        "circ_id": "18",
        "circuit": [
            "1331D4F20F9679FEA9F1AAFA2EA9C992AC6F172E",
            "DD4B18E94D09A3E8F60573210DAA8414ABC220CD",
            "768C50E197D3CBE256B30FE949603FD23112890B"
        ]
    },
    "8": {
        "timestamp": 1682806341.067921,
        "total_time": 1.7992675304412842,
        "rtt": 0.3042032718658447,
        "latency": 0.19974,
        "ttfb": 0.61002,
        "throughput": 1266.9472635250308,
        "circ_id": "20",
        "circuit": [
            "A99B0D9E5FD5BC3C8F2D006EC91F8C7F40E09CB8",
            "F8FE23E1DB4B5BD059CCEEC21C809505C3DE214F",
            "1B18F98534634EF4EB4B36523F052F4D829E0496"
        ]
    },
    "9": {
        "timestamp": 1682806345.8742032,
        "total_time": 1.6073987483978271,
        "rtt": 0.21905088424682617,
        "latency": 0.182317,
        "ttfb": 0.396478,
        "throughput": 1949.0670700958144,
        "circ_id": "22",
        "circuit": [
            "EF25C1F9BEF8C4A3F2859493C7C8C5148725B4E7",
            "A76AEE2C3A724CC1CD05E1B06C948AC2512F4F33",
            "C4019EC5FBDB0401072599BC34E6FECD5F26692D"
        ]
    },
    "10": {
        "timestamp": 1682806350.4898171,
        "total_time": 1.7950971126556396,
        "rtt": 0.19902491569519043,
        "latency": 0.197684,
        "ttfb": 0.502716,
        "throughput": 1537.332519256432,
        "circ_id": "24",
        "circuit": [
            "BC6C40A536E11EE62F1AE130FFC0543B9A9155B4",
            "CF230D27A28172429123DFEE6476D9401E6C6FA8",
            "4589EF83937E303C4F4C085112F73061AB23A191"
        ]
    },
    "11": {
        "timestamp": 1682806355.2918406,
        "total_time": 1.8082420825958252,
        "rtt": 0.28421735763549805,
        "latency": 0.233008,
        "ttfb": 0.507608,
        "throughput": 1522.6576581013069,
        "circ_id": "26",
        "circuit": [
            "82A4BD0933B59E5A6F94BEA01A8EF55ABC031725",
            "0F2E1CB5403A576FBABF8362764A225E454BA799",
            "B2FB3A302B56EFDBF0CA061E84BE4599305CE477"
        ]
    },
    "12": {
        "timestamp": 1682806360.1081512,
        "total_time": 2.242565393447876,
        "rtt": 0.2952580451965332,
        "latency": 0.712795,
        "ttfb": 0.94537,
        "throughput": 817.56290104739,
        "circ_id": "28",
        "circuit": [
            "AE5BFD2CFA3FEF7B91067BE1FCB20B62CD3B6BE2",
            "017B08CC163424CD6ABA4ADD4042B4174D494732",
            "5BA19B5D5AB0CB9EF8EA33DA77585B75449400B0"
        ]
    },
    "13": {
        "timestamp": 1682806365.3599145,
        "total_time": 1.6734440326690674,
        "rtt": 0.16408491134643555,
        "latency": 0.23645,
        "ttfb": 0.542914,
        "throughput": 1423.5255553222914,
        "circ_id": "30",
        "circuit": [
            "8F6A78B1EA917F2BF221E87D14361C050A70CCC3",
            "A2E2C78E19E02E803232866E84A04552B7702BDC",
            "119D595A81A67D6C1E4D66B747717FD95225F9F8"
        ]
    },
    "14": {
        "timestamp": 1682806370.0413811,
        "total_time": 1.523127555847168,
        "rtt": 0.306107759475708,
        "latency": 0.198933,
        "ttfb": 0.329105,
        "throughput": 2348.1523109403242,
        "circ_id": "32",
        "circuit": [
            "861BCFDD148973985E7FE97C7455C9E4AC4E13BE",
            "6856BC9E77AAE0E72C4E0F8FC4C8E1BAD7007F92",
            "8029928877A15A504D92996C65BFD4F0BDF4E702"
        ]
    },
    "15": {
        "timestamp": 1682806374.5722823,
        "total_time": 1.6752080917358398,
        "rtt": 0.21871542930603027,
        "latency": 0.189209,
        "ttfb": 0.389304,
        "throughput": 1985.3041265047088,
        "circ_id": "34",
        "circuit": [
            "57C6A0B011E6BA509B3A87F0D1A1007A1A5C40C8",
            "8106D3D43FBD92D5D8EEBC3E5031B268FCDDC425",
            "66C6755C0C3716989B4BA0AC6419D37DF3253753"
        ]
    },
    "16": {
        "timestamp": 1682806379.2541306,
        "total_time": 2.1161937713623047,
        "rtt": 0.30420994758605957,
        "latency": 0.329832,
        "ttfb": 0.509093,
        "throughput": 1518.1599822455805,
        "circ_id": "36",
        "circuit": [
            "8BF4E024210FF5DB1D7A4AFEBE11B48C73BFE779",
            "DD0219BD5B3015287C94BE1372534A7FDCAD9F32",
            "E532D4BB9D10C717289561E03FACB2BF2F1096FE"
        ]
    },
    "17": {
        "timestamp": 1682806448.7652926,
        "total_time": 1.930309772491455,
        "rtt": 0.19833993911743164,
        "latency": 0.356688,
        "ttfb": 0.512128,
        "throughput": 1509.1554781562925,