{
    "0": {
        "timestamp": 1682804065.2822037,
        "total_time": 1.630821943283081,
        "rtt": 0.26284027099609375,
        "latency": 0.19975,
        "ttfb": 0.404347,
        "throughput": 1911.350902266422,
        "circ_id": "4",
        "circuit": [
            "AD0FCFD83EA4899DB34735E599701592DEA13690",
            "31E3072BE2D7FEC5707F09C351612FE2B7AE48D5",
            "9F04EDC24F1731B61DFF80A0810150737A478715"
        ]
    },
    "1": {
        "timestamp": 1682804069.9203494,
        "total_time": 1.7019336223602295,
        "rtt": 0.3010978698730469,
        "latency": 0.224692,
        "ttfb": 0.504542,
        "throughput": 1531.9064605628218,
        "circ_id": "6",
        "circuit": [
            "2DABD64D3EDC46A71C6BE39D96109A08CA927023",
            "FA5C5A37D7B49D5DA036E6F234F89D8E14B95648",
            "6391FC08FA1587F474AEA854D91A656F5EB7212C"
        ]
    },
    "2": {
        "timestamp": 1682804074.6307242,
        "total_time": 1.5978734493255615,
        "rtt": 0.22069954872131348,
        "latency": 0.20022,
        "ttfb": 0.503679,
        "throughput": 1534.5126383890197,
        "circ_id": "8",
        "circuit": [
            "1239F6E4FE6289445C833BB212E4D84329DAB0E9",
            "7600680249A22080ECC6173FBBF64D6FCF330A61",
            "E97F58C06E7AA7175F9BE2A3C708325C03FB2FB1"
        ]
    },
    "3": {
        "timestamp": 1682804079.235136,
        "total_time": 2.6259920597076416,
        "rtt": 0.199019193649292,
        "latency": 1.121777,
        "ttfb": 1.42665,
        "throughput": 541.799897107083,
        "circ_id": "10",
        "circuit": [
            "73F95DA094C5F331A89A07872B59F428D36670D5",
            "021DDCD687FD505B7EA7E75DA6CEF0D778AA07FB",
            "553CCCD983610343EAA878D65709DC8D9E961C3A"
        ]
    },
    "4": {
        "timestamp": 1682804084.8705544,
        "total_time": 1.672271490097046,
        "rtt": 0.19956016540527344,
        "latency": 0.221392,
        "ttfb": 0.374928,
        "throughput": 2061.4377795141622,
        "circ_id": "12",
        "circuit": [
            "E81993EA52B73285CFFD02FEC003569D21483001",
            "09FEBDF9C8A397889FA55AFD6BC98C6AA6303772",
            "43EF5141A4417D0BF1B0AB2AD2C3D74C22355D0A"
        ]
    },
    "5": {
        "timestamp": 1682804089.5485075,
        "total_time": 1.4288620948791504,
        "rtt": 0.19781112670898438,
        "latency": 0.200151,
        "ttfb": 0.506634,
        "throughput": 1525.515379484285,
        "circ_id": "14",
        "circuit": [
            "9BD0EE79BB9878DD6D8D8EA2A288D5E301E5C136",
            "A2E6BB5C391CD46B38C55B4329C35304540771F1",
            "917EB7726D07266717F83514F2C20E0385D9466D"
        ]
    },
    "6": {
        "timestamp": 1682804093.9859715,
        "total_time": 1.6048228740692139,
        "rtt": 0.22412323951721191,
        "latency": 0.156716,
        "ttfb": 0.369519,
        "throughput": 2091.3087588772405,
        "circ_id": "16",
        "circuit": [
            "878A7C4AD1D0D916312CF934423AAA4F4969F95B",
            "830AEEB2AAEED24C618A88902E155E9BC71A68B8",
            "0CA1B6BC906E5DD6F4CFE322B4BEFE7A17D42D52"
        ]
    },
    "7": {
        "timestamp": 1682804098.5994873,
        "total_time": 1.5945873260498047,
        "rtt": 0.20172905921936035,
        "latency": 0.228526,
        "ttfb": 0.506771,
        "throughput": 1525.1602108785555,
        "circ_id": "18",
        "circuit": [
            "93030C201E251DCA9B632142DD678B8E63EAC9B5",
            "8ADE13FE81E95717711438D3ABD0402031C80F31",
            "2F367DF6E2A7BB56C8EA4C064A3519ACBC013CFE"
        ]
    },
    "8": {
        "timestamp": 1682804103.201983,
        "total_time": 1.8484723567962646,
        "rtt": 0.30149316787719727,
        "latency": 0.196233,
        "ttfb": 0.448224,
        "throughput": 1724.0071904258498,
        "circ_id": "20",
        "circuit": [
            "117286A3F5DF7275F2EB1F28D8AAC72772D84939",
            "D11217B44873FD7C879E541844B4C20B9A7E5CFB",
            "8C76967C2791E2709135846F172ED74AFA3C260E"
        ]
    },
    "9": {
        "timestamp": 1682804108.0591967,
        "total_time": 1.7607781887054443,
        "rtt": 0.1973564624786377,
        "latency": 0.199638,
        "ttfb": 0.405345,
        "throughput": 1906.659990479033,
        "circ_id": "22",
        "circuit": [
            "824FDDADCE9B893382E28BA54C52406DBE3740C3",
            "3A63820A01459135D2A66188278199130F6B0015",
            "75CC6045FF35DB0A5215E054D552970A8B5161CD"
        ]
    },
    "10": {
        "timestamp": 1682804112.827281,
        "total_time": 1.5999622344970703,
        "rtt": 0.4065546989440918,
        "latency": 0.200535,
        "ttfb": 0.405519,
        "throughput": 1905.842034541846,
        "circ_id": "24",
        "circuit": [
            "2A82DFF7BEB7B4269D4D6EAE39DEC36F98214268",
            "BE76FBB5F8D1071DBFED77C543150C1C9D8A21C2",
            "6C64100D8F7050E76F420CE404031EABC7101124"
        ]
    },
    "11": {
        "timestamp": 1682804117.4368155,
        "total_time": 1.8111586570739746,
        "rtt": 0.1977555751800537,
        "latency": 0.199389,
        "ttfb": 0.412106,
        "throughput": 1875.2759542558817,
        "circ_id": "26",
        "circuit": [
            "EF25C1F9BEF8C4A3F2859493C7C8C5148725B4E7",
            "9171101E709ADE5881F5E2CA1100D4044B44263E",
            "99E152CDB12F5ABBE08C0A2EA5B126CD3F1FAC5F"
        ]
    },
    "12": {
        "timestamp": 1682804122.2562551,
        "total_time": 1.998586654663086,
        "rtt": 0.19897246360778809,
        "latency": 0.304113,
        "ttfb": 0.608271,
        "throughput": 1270.673095099936,
        "circ_id": "28",
        "circuit": [
            "1B5E78D7A1EB32074B3BE2E83CCCE50B699B782E",
            "6FA99E37157B0580413F696A714D84DE935BFE5B",
            "74FAE33B21FFFFDC6FA11384664023AC8DFDDA4C"
        ]
    },
    "13": {
        "timestamp": 1682804127.2625802,
        "total_time": 2.1149916648864746,
        "rtt": 0.2936820983886719,
        "latency": 0.201533,
        "ttfb": 0.610079,
        "throughput": 1266.9306515268727,
        "circ_id": "30",
        "circuit": [
            "F4A4D78F16E9A0353AD5BBEF4632C7022E20FB20",
            "388A1B34CE00231D48ADBAE351FD23AF5FCE6DBF",
            "8EA47C86E60DBBC9EE7093138FE61BA7014C73B5"
        ]
    },
    "14": {
        "timestamp": 1682804132.3859112,
        "total_time": 1.8048763275146484,
        "rtt": 0.24622559547424316,
        "latency": 0.199717,
        "ttfb": 0.609458,
        "throughput": 1268.111186938947,
        "circ_id": "32",
        "circuit": [
            "304EF9E012BE51190C6DDD5CFBAD8E3F3E875A43",
            "FAD8CB4C7CFBF38E37E26164C47B13624417B3D7",
            "9F04EDC24F1731B61DFF80A0810150737A478715"
        ]
    },
    "15": {
        "timestamp": 1682804137.1981115,
        "total_time": 2.4203531742095947,
        "rtt": 0.20026779174804688,
        "latency": 0.207895,
        "ttfb": 1.223536,
        "throughput": 631.7377528279051,
        "circ_id": "34",
        "circuit": [
            "DA4B488C2826DFBBD04D635DA1E71A2BA5B20747",
            "7E66BB8EC182BC4E0EC2782936C99E43CFED6FE9",
            "1893041B86FCED1A2CE2F9E2C5987F534B7DC3E0"
        ]
    },
    "16": {
        "timestamp": 1682804142.6275516,
        "total_time": 1.598041296005249,
        "rtt": 0.197035551071167,
        "latency": 0.201833,
        "ttfb": 0.405882,
        "throughput": 1903.8893034917774,
        "circ_id": "36",
        "circuit": [
            "B3D398B386FAF2CB78B447FBA46BF2648C3F48CD",
            "C2503E16AB12C130788D4E2FBCE463E094892D7A",
            "4154F933916022087165230DD5774BC168CA1F9C"
        ]
    },
    "17": {
        "timestamp": 1682804147.2344165,
        "total_time": 1.9042630195617676,
        "rtt": 0.19896245002746582,
        "latency": 0.403838,
        "ttfb": 0.606011,
        "throughput": 1275.3397468788824,
        "circ_id": "38",