{
    "0": {
        "timestamp": 1682814391.6955407,
        "total_time": 1.3289213180541992,
        "rtt": 0.20070099830627441,
        "latency": 0.306144,
        "ttfb": 0.508465,
        "throughput": 1520.0766134344883,
        "circ_id": "3",
        "circuit": [
            "3E3616A9432D2B85B0DAFC84062863CE29917E10",
            "46BACCCE4BC3CAA63D2FE770DA2AE3CF401B9CF0",
            "2007D6BCF9E362B92FF6F06A79C42AF45487D423"
        ]
    },
    "1": {
        "timestamp": 1682814396.0320196,
        "total_time": 1.603487253189087,
        "rtt": 0.36643505096435547,
        "latency": 0.199954,
        "ttfb": 0.612519,
        "throughput": 1261.8368622867488,
        "circ_id": "5",
        "circuit": [
            "E04861C32098EF38D6BB2AEFEC81095953FEF0ED",
            "1C84C89198911D0C8962AA65C3E4E6530075396E",
            "0C4081B58F10407F577914BB761E2AE669D86E1F"
        ]
    },
    "2": {
        "timestamp": 1682814400.6437614,
        "total_time": 1.393965244293213,
        "rtt": 0.30926513671875,
        "latency": 0.192992,
        "ttfb": 0.399884,
        "throughput": 1932.6932693269328,
        "circ_id": "7",
        "circuit": [
            "5F3B05B9A5575E614337AFA84DF04F526CD14C1B",
            "DB41FF1ECDE43FC17756FCE59F0FFDE9352D86B2",
            "1222774D8599A5F53DD15B43D56ADB2FA2148F60"
        ]
    },
    "3": {
        "timestamp": 1682814405.045234,
        "total_time": 1.0866081714630127,
        "rtt": 0.20148468017578125,
        "latency": 0.202156,
        "ttfb": 0.302535,
        "throughput": 2554.518987048952,
        "circ_id": "9",
        "circuit": [
            "A26C227CC965DBABF86508E1868C907498AA3D14",
            "2BAF092E8667C00CA3D9686C76D8EC3CC6BC7C5B",
            "2007D6BCF9E362B92FF6F06A79C42AF45487D423"
        ]
    },
    "4": {
        "timestamp": 1682814409.1389153,
        "total_time": 1.3635048866271973,
        "rtt": 0.2002880573272705,
        "latency": 0.202787,
        "ttfb": 0.474843,
        "throughput": 1627.6459775245885,
        "circ_id": "11",
        "circuit": [
            "7A6C085A12D90C56C17A9D1A77D9D1D9B9E592D4",
            "BA76A31AF4CCA7273A4613A975C1C5E059FE301D",
            "0614FAC2AE0D11863753F20661F6A105E0A89113"
        ]
    },
    "5": {
        "timestamp": 1682814478.0278075,
        "total_time": 1.8363063335418701,
        "rtt": 0.3024461269378662,
        "latency": 0.304761,
        "ttfb": 0.509944,
        "throughput": 1515.5109506939393,
        "circ_id": "15",
        "circuit": [
            "1C5FFA33058D7A548AB6C88EEC4AB2F974B36065",
            "014BD09636373B78CC28BA70E36C7190E3DE236A",
            "094619488F15ED623142CB40D42914FBEE1E61D6"
        ]
    },
    "6": {
        "timestamp": 1682814482.8717988,
        "total_time": 1.087482213973999,
        "rtt": 0.2174839973449707,
        "latency": 0.220315,
        "ttfb": 0.394787,
        "throughput": 1957.4873257127228,
        "circ_id": "17",
        "circuit": [
            "1C7C6841D0B7F10B72608DD37F992F186AFB5342",
            "40B54CCB56D67432D169E693F0B258A0A97C5136",
            "1DF8C528E4266A9752CF83AF2B7EBDD904BD19BA"
        ]
    },
    "7": {
        "timestamp": 1682814486.968043,
        "total_time": 2.111788749694824,
        "rtt": 0.20264697074890137,
        "latency": 0.28991,
        "ttfb": 0.698777,
        "throughput": 1106.0379944798258,
        "circ_id": "19",
        "circuit": [
            "C1D4B670E8A6E614003DE75CECCD35ABE7C3997D",
            "7FB70F5D870CF5F19E12F33F7CFF6735354F6B4E",
            "2007D6BCF9E362B92FF6F06A79C42AF45487D423"
        ]
    },
    "8": {
        "timestamp": 1682814492.0882728,
        "total_time": 1.6992533206939697,
        "rtt": 0.3112776279449463,
        "latency": 0.218448,
        "ttfb": 0.501491,
        "throughput": 1541.1699733036664,
        "circ_id": "21",
        "circuit": [
            "D8380E08DEDF6C90A09EC378D1F6C1881EF79476",
            "873C5AC9DCFBA2C852EB1EF4DB08EAAB472DB31B",
            "1C7020213CEBC46299B77E42D498522B64C77E99"
        ]
    },
    "9": {
        "timestamp": 1682814560.067137,
        "total_time": 1.8209774494171143,
        "rtt": 0.29129695892333984,
        "latency": 0.230112,
        "ttfb": 0.512395,
        "throughput": 1508.275025072877,
        "circ_id": "25",
        "circuit": [
            "A2CD32D9D0668DB764AD68C745CE29693CA851B9",
            "448F821108ED29AA408F281625F66BE1D4BC19F4",
            "1735C96E3A7ED814668C2ADBD9F21D4BEC14C7F9"
        ]
    },
    "10": {
        "timestamp": 1682814564.8956633,
        "total_time": 1.4978995323181152,
        "rtt": 0.4050109386444092,
        "latency": 0.199599,
        "ttfb": 0.404561,
        "throughput": 1910.3353342839703,
        "circ_id": "27",
        "circuit": [
            "AE5BFD2CFA3FEF7B91067BE1FCB20B62CD3B6BE2",
            "8E5B1326F580D02E539FDAABF99A3BDE1077252E",
            "180742884B16321F408B8FA9EAA94CB65437E704"
        ]
    },
    "11": {
        "timestamp": 1682814569.401495,
        "total_time": 1.4986450672149658,
        "rtt": 0.2016294002532959,
        "latency": 0.122431,
        "ttfb": 0.408196,
        "throughput": 1893.3688003193988,
        "circ_id": "29",
        "circuit": [
            "0C36AE99B744E32088C9ED23D7A31F8D23AE1A58",
            "014BD09636373B78CC28BA70E36C7190E3DE236A",
            "1B18F98534634EF4EB4B36523F052F4D829E0496"
        ]
    },
    "12": {
        "timestamp": 1682814573.905389,
        "total_time": 1.3949267864227295,
        "rtt": 0.20026707649230957,
        "latency": 0.202451,
        "ttfb": 0.404864,
        "throughput": 1908.9530639561015,
        "circ_id": "31",
        "circuit": [
            "BB2F9504B41CE4DF1BE3EA22A8A1853CA774BA36",
            "BA76A31AF4CCA7273A4613A975C1C5E059FE301D",
            "06AFF403163AA2185034EBC984A2A2294998EDE5"
        ]
    },
    "13": {
        "timestamp": 1682814578.3057346,
        "total_time": 2.5264737606048584,
        "rtt": 0.2718644142150879,
        "latency": 0.407057,
        "ttfb": 0.714347,
        "throughput": 1081.9360076141422,
        "circ_id": "33",
        "circuit": [
            "3F43D0584A2613C9DB631382FF486DC6B95EA1C8",
            "8E5B1326F580D02E539FDAABF99A3BDE1077252E",
            "0E77288CBE1295EE6658CD9239936FF176729BFB"
        ]
    },
    "14": {
        "timestamp": 1682814583.8376446,
        "total_time": 1.6035406589508057,
        "rtt": 0.20115065574645996,
        "latency": 0.113454,
        "ttfb": 0.303792,
        "throughput": 2543.9179627594103,
        "circ_id": "35",
        "circuit": [
            "A8724D3DBD3B362FE25A55FD813A15261D061D5C",
            "AA13113D196C8D182AA5B98BDD6A5D3D9443E4E5",
            "29AA617EE5AF59515F206CCE0BF06354CDAD1956"
        ]
    },
    "15": {
        "timestamp": 1682814588.447931,
        "total_time": 1.6035335063934326,
        "rtt": 0.4054539203643799,
        "latency": 0.157556,
        "ttfb": 0.407573,
        "throughput": 1896.127533586968,
        "circ_id": "37",
        "circuit": [
            "A55D0D9E4B82529F2765FA2F4DE694D226AD0832",
            "BA76A31AF4CCA7273A4613A975C1C5E059FE301D",
            "105F800FD30E637883A64EA64BC556E82C248A51"
        ]
    },
    "16": {
        "timestamp": 1682814593.0574358,
        "total_time": 1.4965949058532715,
        "rtt": 0.29595518112182617,
        "latency": 0.197437,
        "ttfb": 0.404965,
        "throughput": 1908.3168546593297,
        "circ_id": "39",
        "circuit": [
            "E3F98C86C9E01138DD8EA06B1E660A0CDB4B2782",
            "2BAF092E8667C00CA3D9686C76D8EC3CC6BC7C5B",
            "2007D6BCF9E362B92FF6F06A79C42AF45487D423"
        ]
    },
    "17": {
        "timestamp": 1682814597.5591228,
        "total_time": 1.8078198432922363,
        "rtt": 0.21590685844421387,
        "latency": 0.185714,
        "ttfb": 0.491974,
        "throughput": 1570.8795909616506,