{
    "0": {
        "timestamp": 1682813238.265701,
        "total_time": 1.8474581241607666,
        "rtt": 0.2055518627166748,
        "latency": 0.306328,
        "ttfb": 0.516716,
        "throughput": 1495.8182880717684,
        "circ_id": "3",
        "circuit": [
            "7A319C431F38CB30A0BC0C49144369A611920725",
            "7FB70F5D870CF5F19E12F33F7CFF6735354F6B4E",
            "4A531AA712A3DF0A90EB42711EEBE90B6918B37A"
        ]
    },
    "1": {
        "timestamp": 1682813243.1206853,
        "total_time": 2.206524610519409,
        "rtt": 0.3006918430328369,
        "latency": 0.411062,
        "ttfb": 0.613887,
        "throughput": 1259.0499303694896,
        "circ_id": "5",
        "circuit": [
            "32C1100B5EF19A5BFBB431E8D42781C2D09D31C3",
            "8106D3D43FBD92D5D8EEBC3E5031B268FCDDC425",
            "FB4A0E4F470B36E7A89159A8569530A47C292BA5"
        ]
    },
    "2": {
        "timestamp": 1682813248.333185,
        "total_time": 1.6031723022460938,
        "rtt": 0.20215773582458496,
        "latency": 0.200485,
        "ttfb": 0.507335,
        "throughput": 1523.464907094262,
        "circ_id": "7",
        "circuit": [
            "CDAEBA458F6129776643751934076A51D851C348",
            "4E8FCF9D0C137BE95052B1A98DD317F5F9DB74A9",
            "0BA1C8F26AFAD3FAEF3B6A228F97382D115027B9"
        ]
    },
    "3": {
        "timestamp": 1682813252.9414947,
        "total_time": 1.714857816696167,
        "rtt": 0.3123323917388916,
        "latency": 0.220004,
        "ttfb": 0.405207,
        "throughput": 1907.1868623692048,
        "circ_id": "9",
        "circuit": [
            "874D84382C892F3F61CC9E106BF08843DE0B865A",
            "C57A8B0C2DAE933916398359EC4DCC53D4FF329B",
            "6A01150EAB04007E2E08D9C603B1467193805B06"
        ]
    },
    "4": {
        "timestamp": 1682813257.6617498,
        "total_time": 1.6963658332824707,
        "rtt": 0.3046128749847412,
        "latency": 0.302552,
        "ttfb": 0.612763,
        "throughput": 1261.3962171168039,
        "circ_id": "11",
        "circuit": [
            "56927E61B51E6F363FB55498150A6DDFCF7077F2",
            "B771269758DC649748360BA8A2D13337F548AA21",
            "0BA1C8F26AFAD3FAEF3B6A228F97382D115027B9"
        ]
    },
    "5": {
        "timestamp": 1682813262.3663354,
        "total_time": 2.009141445159912,
        "rtt": 0.30554866790771484,
        "latency": 0.202292,
        "ttfb": 0.918728,
        "throughput": 860.9055289508054,
        "circ_id": "13",
        "circuit": [
            "AC7C88D67339B90F2C10FF7B702DCB1EF3B8D663",
            "E0917901656ED5B363E4B5B1AFC56150B8857F5C",
            "01F73DBD9B56C31E3D3AAEB95F8CF1DEB7D9A72F"
        ]
    },
    "6": {
        "timestamp": 1682813267.3815193,
        "total_time": 1.8073716163635254,
        "rtt": 0.20010638236999512,
        "latency": 0.403393,
        "ttfb": 0.713501,
        "throughput": 1083.2960789727047,
        "circ_id": "15",
        "circuit": [
            "B4E3546B058FEB655A6D8698D97C1459A2DF8E77",
            "E0917901656ED5B363E4B5B1AFC56150B8857F5C",
            "0EA36BA7380AFC4E628997289EB9E78E6984CAB7"
        ]
    },
    "7": {
        "timestamp": 1682813272.193839,
        "total_time": 1.1182653903961182,
        "rtt": 0.20096063613891602,
        "latency": 0.196495,
        "ttfb": 0.430846,
        "throughput": 1793.6657841428807,
        "circ_id": "17",
        "circuit": [
            "1FB9CCBE02CF10978EAB16943973AC5C548FA243",
            "74C429A1C0E3EDE03B3ADF61BEA83D5540232A65",
            "69A78B6E344546E6458C5536C5D8639728CD355D"
        ]
    },
    "8": {
        "timestamp": 1682813276.3172529,
        "total_time": 1.2696504592895508,
        "rtt": 0.20062685012817383,
        "latency": 0.196479,
        "ttfb": 0.50722,
        "throughput": 1523.819286466198,
        "circ_id": "19",
        "circuit": [
            "0439AB73BB2B8730FCB15B18252928FC0C2EDF91",
            "B771269758DC649748360BA8A2D13337F548AA21",
            "E97F58C06E7AA7175F9BE2A3C708325C03FB2FB1"
        ]
    },
    "9": {
        "timestamp": 1682813280.591649,
        "total_time": 1.8130316734313965,
        "rtt": 0.20154213905334473,
        "latency": 0.198095,
        "ttfb": 0.41122,
        "throughput": 1879.315374890596,
        "circ_id": "21",
        "circuit": [
            "40E82B3E7B9167BC2B8B8B94F8CC4F48317BDAC6",
            "E0917901656ED5B363E4B5B1AFC56150B8857F5C",
            "E9EFFF8F825DD636D2283CD20ADE436397F49FCF"
        ]
    },
    "10": {
        "timestamp": 1682813285.4115155,
        "total_time": 1.9030201435089111,
        "rtt": 0.2998685836791992,
        "latency": 0.305778,
        "ttfb": 0.613069,
        "throughput": 1260.639191364377,
        "circ_id": "23",
        "circuit": [
            "DAC825BBF05D678ABDEA1C3086E8D99CF0BBF112",
            "6859D71E3E1323F959F9E0559E83A9088C462684",
            "64EEA511984F2C862F09E77755DC657EC31E6483"
        ]
    },
    "11": {
        "timestamp": 1682813290.3216274,
        "total_time": 1.4987797737121582,
        "rtt": 0.235184907913208,
        "latency": 0.133881,
        "ttfb": 0.443224,
        "throughput": 1743.574937632798,
        "circ_id": "25",
        "circuit": [
            "A85182BA1AEBE09BF54F422310095E9B826E1324",
            "B6297E21BE60D730F894CCB4D850E4E75FBC78A0",
            "2FF236B93D8574F3F77156B9542CA0554CB1DA2C"
        ]
    },
    "12": {
        "timestamp": 1682813294.8277357,
        "total_time": 1.3960075378417969,
        "rtt": 0.3020930290222168,
        "latency": 0.305216,
        "ttfb": 0.508649,
        "throughput": 1519.4133059721003,
        "circ_id": "27",
        "circuit": [
            "9B5B3B5BC953E8BE5058072310FDD0F631FD868E",
            "774A36D20AAA6E2A1265AB6E1FFC9B50C95872AB",
            "D1E5C406D14429BD36BACC6EEE64E6B8C5833E7B"
        ]
    },
    "13": {
        "timestamp": 1682813299.231956,
        "total_time": 1.3950188159942627,
        "rtt": 0.19826984405517578,
        "latency": 0.205915,
        "ttfb": 0.511963,
        "throughput": 1509.5680838640255,
        "circ_id": "29",
        "circuit": [
            "E04861C32098EF38D6BB2AEFEC81095953FEF0ED",
            "D11217B44873FD7C879E541844B4C20B9A7E5CFB",
            "768C50E197D3CBE256B30FE949603FD23112890B"
        ]
    },
    "14": {
        "timestamp": 1682813303.6338186,
        "total_time": 1.1897337436676025,
        "rtt": 0.2783677577972412,
        "latency": 0.227993,
        "ttfb": 0.430341,
        "throughput": 1795.7492084068012,
        "circ_id": "31",
        "circuit": [
            "117286A3F5DF7275F2EB1F28D8AAC72772D84939",
            "A1FC8E424167AD70B6FA4953D9348BCD82CEB788",
            "E97F58C06E7AA7175F9BE2A3C708325C03FB2FB1"
        ]
    },
    "15": {
        "timestamp": 1682813307.8276124,
        "total_time": 1.4022042751312256,
        "rtt": 0.19631075859069824,
        "latency": 0.206748,
        "ttfb": 0.411981,
        "throughput": 1876.0451124534934,
        "circ_id": "33",
        "circuit": [
            "C3ACB0492A644E27A549BC3CDF3B7A129186E3BF",
            "014BD09636373B78CC28BA70E36C7190E3DE236A",
            "5897522C8BCC886A59E3032125DDB1D33A156AB3"
        ]
    },
    "16": {
        "timestamp": 1682813312.2349494,
        "total_time": 1.4042046070098877,
        "rtt": 0.3044118881225586,
        "latency": 0.123,
        "ttfb": 0.723135,
        "throughput": 1093.7106796492383,
        "circ_id": "35",
        "circuit": [
            "E04861C32098EF38D6BB2AEFEC81095953FEF0ED",
            "8E5B1326F580D02E539FDAABF99A3BDE1077252E",
            "01F73DBD9B56C31E3D3AAEB95F8CF1DEB7D9A72F"
        ]
    },
    "17": {
        "timestamp": 1682813320.1184042,
        "total_time": 1.2970528602600098,
        "rtt": 0.20256257057189941,
        "latency": 0.22853,
        "ttfb": 0.509838,
        "throughput": 1515.870556812789,
        "circ_id": "39",