{
    "0": {
        "timestamp": 1682815812.6225407,
        "total_time": 1.5307228565216064,
        "rtt": 0.301163911819458,
        "latency": 0.158971,
        "ttfb": 0.404066,
        "throughput": 1912.414862902368,
        "circ_id": "3",
        "circuit": [
            "90BCBF737079BB5047CB2AEAE49FBC1BA91B5EDB",
            "BA76A31AF4CCA7273A4613A975C1C5E059FE301D",
            "26CA344A0DA0C93343869BF6A17C852D1D3A0C9B"
        ]
    },
    "1": {
        "timestamp": 1682815817.1603782,
        "total_time": 1.3981144428253174,
        "rtt": 0.20074748992919922,
        "latency": 0.202009,
        "ttfb": 0.405584,
        "throughput": 1905.6306084212601,
        "circ_id": "5",
        "circuit": [
            "DC7E7D9AB7AD52F03B856E6DC278E9D92BF19B33",
            "BA76A31AF4CCA7273A4613A975C1C5E059FE301D",
            "26CA344A0DA0C93343869BF6A17C852D1D3A0C9B"
        ]
    },
    "2": {
        "timestamp": 1682815821.5658174,
        "total_time": 0.9869594573974609,
        "rtt": 0.303422212600708,
        "latency": 0.118908,
        "ttfb": 0.406427,
        "throughput": 1901.6457969445742,
        "circ_id": "7",
        "circuit": [
            "90BCBF737079BB5047CB2AEAE49FBC1BA91B5EDB",
            "AF9011B98279B7E9FB9EC6176F1E08C48ED09228",
            "1B18F98534634EF4EB4B36523F052F4D829E0496"
        ]
    },
    "3": {
        "timestamp": 1682815825.5595438,
        "total_time": 1.6011614799499512,
        "rtt": 0.40473437309265137,
        "latency": 0.159978,
        "ttfb": 0.508618,
        "throughput": 1519.571610549326,
        "circ_id": "9",
        "circuit": [
            "303509AB910EF207B7438C27435C4A2FD579F1B1",
            "B771269758DC649748360BA8A2D13337F548AA21",
            "105F800FD30E637883A64EA64BC556E82C248A51"
        ]
    },
    "4": {
        "timestamp": 1682815830.168129,
        "total_time": 1.2104790210723877,
        "rtt": 0.17294907569885254,
        "latency": 0.201491,
        "ttfb": 0.425152,
        "throughput": 1817.9038839175475,
        "circ_id": "11",
        "circuit": [
            "57A295377F3167AD554B521F4615184943C39CE1",
            "BA76A31AF4CCA7273A4613A975C1C5E059FE301D",
            "1B18F98534634EF4EB4B36523F052F4D829E0496"
        ]
    },
    "5": {
        "timestamp": 1682815834.3861306,
        "total_time": 1.6059439182281494,
        "rtt": 0.1978135108947754,
        "latency": 0.208202,
        "ttfb": 0.537556,
        "throughput": 1437.6794774509365,
        "circ_id": "13",
        "circuit": [
            "B4E3546B058FEB655A6D8698D97C1459A2DF8E77",
            "B771269758DC649748360BA8A2D13337F548AA21",
            "1B18F98534634EF4EB4B36523F052F4D829E0496"
        ]
    },
    "6": {
        "timestamp": 1682815877.5857449,
        "total_time": 1.0826480388641357,
        "rtt": 0.1999506950378418,
        "latency": 0.200625,
        "ttfb": 0.508533,
        "throughput": 1519.8524583072815,
        "circ_id": "19",
        "circuit": [
            "DC7E7D9AB7AD52F03B856E6DC278E9D92BF19B33",
            "B771269758DC649748360BA8A2D13337F548AA21",
            "050A1245EEC76B7438337BAAF19F4AB0666B375F"
        ]
    },
    "7": {
        "timestamp": 1682815945.5794706,
        "total_time": 1.4934360980987549,
        "rtt": 0.303727388381958,
        "latency": 0.30271,
        "ttfb": 0.512296,
        "throughput": 1508.6312050508895,
        "circ_id": "23",
        "circuit": [
            "AEC8D545DDEDC0311FA7F9F9A885D674D1F1C2FF",
            "BA76A31AF4CCA7273A4613A975C1C5E059FE301D",
            "1B18F98534634EF4EB4B36523F052F4D829E0496"
        ]
    },
    "8": {
        "timestamp": 1682815950.0796542,
        "total_time": 0.7798058986663818,
        "rtt": 0.20279407501220703,
        "latency": 0.20222,
        "ttfb": 0.304399,
        "throughput": 2538.996423069722,
        "circ_id": "25",
        "circuit": [
            "BB2F9504B41CE4DF1BE3EA22A8A1853CA774BA36",
            "B771269758DC649748360BA8A2D13337F548AA21",
            "105F800FD30E637883A64EA64BC556E82C248A51"
        ]
    },
    "9": {
        "timestamp": 1682816014.890916,
        "total_time": 0.9982762336730957,
        "rtt": 0.19934797286987305,
        "latency": 0.204064,
        "ttfb": 0.413908,
        "throughput": 1867.357242592172,
        "circ_id": "29",
        "circuit": [
            "02351FC88D0BF06F6CDE5452656641E6119DBD7E",
            "AF9011B98279B7E9FB9EC6176F1E08C48ED09228",
            "105F800FD30E637883A64EA64BC556E82C248A51"
        ]
    },
    "10": {
        "timestamp": 1682816018.8943002,
        "total_time": 1.4947679042816162,
        "rtt": 0.2048807144165039,
        "latency": 0.199267,
        "ttfb": 0.50928,
        "throughput": 1517.5877226564264,
        "circ_id": "31",
        "circuit": [
            "BF50E09EED25B82861CF95E1AAA42DCFEF53E5D1",
            "B771269758DC649748360BA8A2D13337F548AA21",
            "105F800FD30E637883A64EA64BC556E82C248A51"
        ]
    },
    "11": {
        "timestamp": 1682816023.3963797,
        "total_time": 1.3956255912780762,
        "rtt": 0.1998147964477539,
        "latency": 0.228394,
        "ttfb": 0.50969,
        "throughput": 1516.4534215348156,
        "circ_id": "33",
        "circuit": [
            "5F3B05B9A5575E614337AFA84DF04F526CD14C1B",
            "BA76A31AF4CCA7273A4613A975C1C5E059FE301D",
            "105F800FD30E637883A64EA64BC556E82C248A51"
        ]
    },
    "12": {
        "timestamp": 1682816027.7985632,
        "total_time": 1.294201374053955,
        "rtt": 0.160719633102417,
        "latency": 0.23891,
        "ttfb": 0.446497,
        "throughput": 1730.9444955741114,
        "circ_id": "35",
        "circuit": [
            "F72AF9F63CD443B2CC7FEB8552EC588EF1992F0A",
            "AF9011B98279B7E9FB9EC6176F1E08C48ED09228",
            "1B18F98534634EF4EB4B36523F052F4D829E0496"
        ]
    },
    "13": {
        "timestamp": 1682816095.185834,
        "total_time": 1.1845312118530273,
        "rtt": 0.15027737617492676,
        "latency": 0.353365,
        "ttfb": 0.458601,
        "throughput": 1685.2781253951575,
        "circ_id": "39",
        "circuit": [
            "57A295377F3167AD554B521F4615184943C39CE1",
            "BA76A31AF4CCA7273A4613A975C1C5E059FE301D",
            "1B18F98534634EF4EB4B36523F052F4D829E0496"
        ]
    },
    "14": {
        "timestamp": 1682816099.3754888,
        "total_time": 1.294858455657959,
        "rtt": 0.29990577697753906,
        "latency": 0.308419,
        "ttfb": 0.614761,
        "throughput": 1257.1538232601104,
        "circ_id": "41",
        "circuit": [
            "AEC8D545DDEDC0311FA7F9F9A885D674D1F1C2FF",
            "B771269758DC649748360BA8A2D13337F548AA21",
            "26CA344A0DA0C93343869BF6A17C852D1D3A0C9B"
        ]
    },
    "15": {
        "timestamp": 1682816103.675937,
        "total_time": 1.1930384635925293,
        "rtt": 0.19780969619750977,
        "latency": 0.197609,
        "ttfb": 0.613381,
        "throughput": 1260.0638019368794,
        "circ_id": "43",
        "circuit": [
            "AEC8D545DDEDC0311FA7F9F9A885D674D1F1C2FF",
            "41E041EC676622FFEE59F56BC75B99CD0D47F653",
            "050A1245EEC76B7438337BAAF19F4AB0666B375F"
        ]
    },
    "16": {
        "timestamp": 1682816107.8758292,
        "total_time": 1.703329086303711,
        "rtt": 0.20330595970153809,
        "latency": 0.302304,
        "ttfb": 0.711711,
        "throughput": 1085.9685279858165,
        "circ_id": "45",
        "circuit": [
            "EA670AB58CD5E1D5DCAB571D100EA1D36D72CA28",
            "BA76A31AF4CCA7273A4613A975C1C5E059FE301D",
            "26CA344A0DA0C93343869BF6A17C852D1D3A0C9B"
        ]
    },
    "17": {
        "timestamp": 1682816166.4331062,
        "total_time": 1.3466222286224365,
        "rtt": 0.20164251327514648,
        "latency": 0.214118,
        "ttfb": 0.443695,
        "throughput": 1741.5754386043966,
        "circ_id": "49",