{
    "0": {
        "timestamp": 1682815339.9225626,
        "total_time": 1.644063949584961,
        "rtt": 0.30574464797973633,
        "latency": 0.200614,
        "ttfb": 0.312717,
        "throughput": 2471.053826137548,
        "circ_id": "3",
        "circuit": [
            "1C5FFA33058D7A548AB6C88EEC4AB2F974B36065",
            "B771269758DC649748360BA8A2D13337F548AA21",
            "0BA1C8F26AFAD3FAEF3B6A228F97382D115027B9"
        ]
    },
    "1": {
        "timestamp": 1682815344.5732603,
        "total_time": 1.3866870403289795,
        "rtt": 0.19983410835266113,
        "latency": 0.200696,
        "ttfb": 0.405171,
        "throughput": 1907.4692349641823,
        "circ_id": "5",
        "circuit": [
            "2717355D1ED1C421E3F8930F721BF2FDABA35CDA",
            "98350B16551452ABC7F3457D06032CD30F7280CE",
            "0BCC20C9EB435EC87E41B4C42552638C73102F0F"
        ]
    },
    "2": {
        "timestamp": 1682815348.9678552,
        "total_time": 1.3921699523925781,
        "rtt": 0.29779577255249023,
        "latency": 0.201942,
        "ttfb": 0.403002,
        "throughput": 1917.733452416394,
        "circ_id": "7",
        "circuit": [
            "AEC8D545DDEDC0311FA7F9F9A885D674D1F1C2FF",
            "41E041EC676622FFEE59F56BC75B99CD0D47F653",
            "119D595A81A67D6C1E4D66B747717FD95225F9F8"
        ]
    },
    "3": {
        "timestamp": 1682815353.365267,
        "total_time": 1.966508150100708,
        "rtt": 0.20613479614257812,
        "latency": 0.379939,
        "ttfb": 0.539114,
        "throughput": 1433.5282412481527,
        "circ_id": "9",
        "circuit": [
            "C1D4B670E8A6E614003DE75CECCD35ABE7C3997D",
            "C57A8B0C2DAE933916398359EC4DCC53D4FF329B",
            "1B52A354CCFB14BCD943552283A67020D602CB2B"
        ]
    },
    "4": {
        "timestamp": 1682815358.3387132,
        "total_time": 1.3395354747772217,
        "rtt": 0.3027639389038086,
        "latency": 0.202842,
        "ttfb": 0.302614,
        "throughput": 2553.843815766434,
        "circ_id": "11",
        "circuit": [
            "F5204D98AB3894B807A0C2412267F4B69BA491C5",
            "2BAF092E8667C00CA3D9686C76D8EC3CC6BC7C5B",
            "105F800FD30E637883A64EA64BC556E82C248A51"
        ]
    },
    "5": {
        "timestamp": 1682815362.683291,
        "total_time": 2.0184953212738037,
        "rtt": 0.4104726314544678,
        "latency": 0.304139,
        "ttfb": 0.819416,
        "throughput": 943.2891626691788,
        "circ_id": "13",
        "circuit": [
            "DC7E7D9AB7AD52F03B856E6DC278E9D92BF19B33",
            "9DA5284A51021A711ECAA677C81E5408222B9F2A",
            "050A1245EEC76B7438337BAAF19F4AB0666B375F"
        ]
    },
    "6": {
        "timestamp": 1682815367.7092972,
        "total_time": 1.6038153171539307,
        "rtt": 0.30025792121887207,
        "latency": 0.204603,
        "ttfb": 0.415125,
        "throughput": 1861.8251185016763,
        "circ_id": "15",
        "circuit": [
            "B25E02013A30693556480274240B8B392AB04179",
            "AA13113D196C8D182AA5B98BDD6A5D3D9443E4E5",
            "1B18F98534634EF4EB4B36523F052F4D829E0496"
        ]
    },
    "7": {
        "timestamp": 1682815372.3199148,
        "total_time": 1.594221830368042,
        "rtt": 0.1997392177581787,
        "latency": 0.201255,
        "ttfb": 0.508162,
        "throughput": 1521.0277661355858,
        "circ_id": "17",
        "circuit": [
            "5F3B05B9A5575E614337AFA84DF04F526CD14C1B",
            "DB41FF1ECDE43FC17756FCE59F0FFDE9352D86B2",
            "1B78106D1E5653070DA6FAA0F95EC653932F49B4"
        ]
    },
    "8": {
        "timestamp": 1682815376.9189124,
        "total_time": 1.2936477661132812,
        "rtt": 0.20293831825256348,
        "latency": 0.203047,
        "ttfb": 0.507081,
        "throughput": 1524.191862826676,
        "circ_id": "19",
        "circuit": [
            "BB2F9504B41CE4DF1BE3EA22A8A1853CA774BA36",
            "B771269758DC649748360BA8A2D13337F548AA21",
            "119D595A81A67D6C1E4D66B747717FD95225F9F8"
        ]
    },
    "9": {
        "timestamp": 1682815381.2203772,
        "total_time": 0.9888503551483154,
        "rtt": 0.23526716232299805,
        "latency": 0.142847,
        "ttfb": 0.350885,
        "throughput": 2202.3858705407383,
        "circ_id": "21",
        "circuit": [
            "AEC8D545DDEDC0311FA7F9F9A885D674D1F1C2FF",
            "DB41FF1ECDE43FC17756FCE59F0FFDE9352D86B2",
            "0CA1B6BC906E5DD6F4CFE322B4BEFE7A17D42D52"
        ]
    },
    "10": {
        "timestamp": 1682815385.215853,
        "total_time": 1.7031521797180176,
        "rtt": 0.197005033493042,
        "latency": 0.30474,
        "ttfb": 0.612212,
        "throughput": 1262.500469558713,
        "circ_id": "23",
        "circuit": [
            "54FF87E18CF4B351BB078A640A4DC5265969485E",
            "0F2E1CB5403A576FBABF8362764A225E454BA799",
            "050A1245EEC76B7438337BAAF19F4AB0666B375F"
        ]
    },
    "11": {
        "timestamp": 1682815389.9238653,
        "total_time": 1.609358549118042,
        "rtt": 0.16156625747680664,
        "latency": 0.238842,
        "ttfb": 0.55516,
        "throughput": 1392.2007938966494,
        "circ_id": "25",
        "circuit": [
            "AE5BFD2CFA3FEF7B91067BE1FCB20B62CD3B6BE2",
            "1F04F90765AA57437144A0351AF197341E47DDBB",
            "1B18F98534634EF4EB4B36523F052F4D829E0496"
        ]
    },
    "12": {
        "timestamp": 1682815394.5404658,
        "total_time": 0.7730276584625244,
        "rtt": 0.20024371147155762,
        "latency": 0.199834,
        "ttfb": 0.302286,
        "throughput": 2556.33528007249,
        "circ_id": "27",
        "circuit": [
            "5F3B05B9A5575E614337AFA84DF04F526CD14C1B",
            "B771269758DC649748360BA8A2D13337F548AA21",
            "105F800FD30E637883A64EA64BC556E82C248A51"
        ]
    },
    "13": {
        "timestamp": 1682815398.3188686,
        "total_time": 2.113875389099121,
        "rtt": 0.3029656410217285,
        "latency": 0.346503,
        "ttfb": 0.808727,
        "throughput": 955.6955374087422,
        "circ_id": "29",
        "circuit": [
            "9FAE1F8945AD0081CC2447930E280CC1B3D62157",
            "8E5B1326F580D02E539FDAABF99A3BDE1077252E",
            "0EA36BA7380AFC4E628997289EB9E78E6984CAB7"
        ]
    },
    "14": {
        "timestamp": 1682815403.435821,
        "total_time": 1.2067852020263672,
        "rtt": 0.18439769744873047,
        "latency": 0.203041,
        "ttfb": 0.316905,
        "throughput": 2438.4396509845237,
        "circ_id": "31",
        "circuit": [
            "1A81BEE054FE5C6225A0D58169D72924B26E2B59",
            "8106D3D43FBD92D5D8EEBC3E5031B268FCDDC425",
            "0BA1C8F26AFAD3FAEF3B6A228F97382D115027B9"
        ]
    },
    "15": {
        "timestamp": 1682815407.6478517,
        "total_time": 1.4914500713348389,
        "rtt": 0.2001357078552246,
        "latency": 0.204241,
        "ttfb": 0.40819,
        "throughput": 1893.1925888735138,
        "circ_id": "33",
        "circuit": [
            "15291291D81E404FB6BEC16D366608590D2B0247",
            "BA76A31AF4CCA7273A4613A975C1C5E059FE301D",
            "105F800FD30E637883A64EA64BC556E82C248A51"
        ]
    },
    "16": {
        "timestamp": 1682815412.146198,
        "total_time": 1.5981221199035645,
        "rtt": 0.40233373641967773,
        "latency": 0.30713,
        "ttfb": 0.509967,
        "throughput": 1515.4723254756193,
        "circ_id": "35",
        "circuit": [
            "F50755D5018C23F6CD115F23C95CCB2DC8B608B1",
            "1F04F90765AA57437144A0351AF197341E47DDBB",
            "0BCC20C9EB435EC87E41B4C42552638C73102F0F"
        ]
    },
    "17": {
        "timestamp": 1682815416.7524152,
        "total_time": 1.1903607845306396,
        "rtt": 0.27866244316101074,
        "latency": 0.225311,
        "ttfb": 0.529744,
        "throughput": 1459.0328858084986,
        "circ_id": "37",